{
  "stages": [
    {
      "name": "dev",
      "deployment_target": {
        "name": "ME-MngEnv786147-anlamber/deployment_dev_rg",
        "type": "resourceGroup"
      },
      "location": null,
      "buildagent": "ubuntu-latest",
      "identity_plan": "devops_control_ado",
      "identity_deploy": "devops_control_ado",
      "dependsOn": [],
      "deployment_approvers": ["landingzone_contributors"],
      "group": "default",
      "allow_plan_from_feature_branch": true,
      "allow_deploy_from_feature_branch": false
    },
    {
      "name": "test",
      "deployment_target": {
        "name": "ME-MngEnv786147-anlamber/deployment_test_rg",
        "type": "resourceGroup"
      },
      "location": null,
      "buildagent": "ubuntu-latest",
      "identity_plan": "devops_control_ado",
      "identity_deploy": "devops_control_ado",
      "dependsOn": [],
      "deployment_approvers": ["landingzone_contributors"],
      "group": "default",
      "allow_plan_from_feature_branch": true,
      "allow_deploy_from_feature_branch": false
    }
  ]
}
