{
  "stages": [
    {
      "name": "sandbox",
      "deployment_target": {
        "name": "Sandbox",
        "type": "managementGroup"
      },
      "tf_backend": {
        "subscription_id": "21c5cc2f-7230-4bec-93c2-59baf0313775",
        "resource_group_name": "dev-plt-tfstate-rg",
        "storage_account_name": "plttfstatestor01",
        "container_name": "tfstate"
      },
      "location": null,
      "buildagent": "ubuntu-latest",
      "identity_plan": "ado-platform-governance-TMP",
      "identity_deploy": "ado-platform-governance-TMP",
      "dependsOn": [],
      "deployment_approvers": ["governance_contributors"],
      "group": "default",
      "allow_plan_from_feature_branch": true,
      "allow_deploy_from_feature_branch": false
    },
    {
      "name": "platform",
      "deployment_target": {
        "name": "Platform",
        "type": "managementGroup"
      },
      "tf_backend": {
        "subscription_id": "21c5cc2f-7230-4bec-93c2-59baf0313775",
        "resource_group_name": "dev-plt-tfstate-rg",
        "storage_account_name": "plttfstatestor01",
        "container_name": "tfstate"
      },
      "location": null,
      "buildagent": "ubuntu-latest",
      "identity_plan": "ado-platform-governance-TMP",
      "identity_deploy": "ado-platform-governance-TMP",
      "dependsOn": [],
      "deployment_approvers": ["governance_contributors"],
      "group": "default",
      "allow_plan_from_feature_branch": true,
      "allow_deploy_from_feature_branch": false
    },
    {
      "name": "landingzones",
      "deployment_target": {
        "name": "Landing-Zones",
        "type": "managementGroup"
      },
      "tf_backend": {
        "subscription_id": "21c5cc2f-7230-4bec-93c2-59baf0313775",
        "resource_group_name": "dev-plt-tfstate-rg",
        "storage_account_name": "plttfstatestor01",
        "container_name": "tfstate"
      },
      "location": null,
      "buildagent": "ubuntu-latest",
      "identity_plan": "ado-platform-governance-TMP",
      "identity_deploy": "ado-platform-governance-TMP",
      "dependsOn": [],
      "deployment_approvers": ["governance_contributors"],
      "group": "default",
      "allow_plan_from_feature_branch": true,
      "allow_deploy_from_feature_branch": false
    }
  ]
}
