{
  "properties": {
    "description": "This policy will Audit the creation of any resource if a resource does not contain all mandatory tags.",
    "displayName": "[AFP] Audit if all AFP Mandatory Tags do not exist",
    "metadata": {
      "category": "Tags"
    },
    "mode": "Indexed",
    "name": "AuditIfMandatoryTagsDonotExist",
    "parameters": {
      "effect": {
        "type": "String",
        "metadata": {
          "additionalProperties": null,
          "description": "Change the effect of the execution of the policy",
          "displayName": "Effect"
        },
        "allowedValues": [
          "Audit",
          "Deny",
          "Disable"
        ],
        "defaultValue": "Audit"
      }
    },
    "policyRule": {
      "if": {
        "allOf": [
          {
            "not": {
              "containsKey": "afp_tag1",
              "field": "tags"
            }
          },
          {
            "not": {
              "containsKey": "afp_tag2",
              "field": "tags"
            }
          }
        ]
      },
      "then": {
        "effect": "[parameters('effect')]"
      }
    },
    "policyType": "Custom"
  }
}
