{
  "instance_name": "lzmgmt",
  "devops_control_project": "ECP",
  "devops_control_repo": "ECP",
  "solutions": {
    "local-bicep": {
      "source_type": "local",
      "source": ".",
      "tooling": "bicep",
      "path_to_execute": "deploy.bicep",
      "version": null
    },
    "local-powershell": {
      "source_type": "local",
      "source": ".",
      "tooling": "powershell",
      "path_to_execute": "run.ps1",
      "version": null
    },
    "custom": {
      "source_type": "",
      "source": "",
      "tooling": "",
      "path_to_execute": "",
      "version": ""
    }
  }
}
