{
    "description": "CMA_0509 - Test the business continuity and disaster recovery plan",
    "displayName": "Test the business continuity and disaster recovery plan",
    "metadata": {
      "additionalMetadataId": "/providers/Microsoft.PolicyInsights/policyMetadata/CMA_0509",
      "category": "Regulatory Compliance",
      "version": "1.1.0"
    },
    "mode": "All",
    "name": "testpolicy",
    "parameters": {
      "effect": {
        "allowedValues": [
          "Manual",
          "Disabled"
        ],
        "defaultValue": "Manual",
        "metadata": {
          "description": "Enable or disable the execution of the policy",
          "displayName": "Effect"
        },
        "type": "String"
      }
    },
    "policyRule": {

      "if": {
        "equals": "Microsoft.Resources/subscriptions",
        "field": "type"
      },
      "then": {
        "details": {
          "defaultState": "Unknown"
        },
        "effect": "[parameters('effect')]"
      }
    },

    "systemData": null,
    "type": "Microsoft.Authorization/policyDefinitions"
  }