{
    "properties": {
        "description": "This policy audit if a virtual network has network policies enabled on the endpoint.",
        "displayName": "[Telstra]Audit Storage Accounts Network Endpoint Policies",
        "metadata": {
            "category": "Storage"
        },
        "mode": "All",
        "name": "AuditStorageNetworkPolicies",
        "parameters": {
            "effect": {
                "allowedValues": [
                    "Audit",
                    "Deny",
                    "Disable"
                ],
                "defaultValue": "Audit",
                "metadata": {
                    "additionalProperties": null,
                    "description": "Change the effect of the execution of the policy",
                    "displayName": "Effect"
                },
                "type": "String"
            }
        },
        "policyRule": {
            "if": {
                "allOf": [
                    {
                        "equals": "Microsoft.Network/virtualNetworks",
                        "field": "type"
                    },
                    {
                        "count": {
                            "field": "Microsoft.Network/virtualNetworks/subnets[*]",
                            "where": {
                                "allOf": [
                                    {
                                        "count": {
                                            "field": "Microsoft.Network/virtualNetworks/subnets[*].serviceEndpoints[*]",
                                            "where": {
                                                "equals": "Microsoft.Storage",
                                                "field": "Microsoft.Network/virtualNetworks/subnets[*].serviceEndpoints[*].service"
                                            }
                                        },
                                        "equals": 1
                                    },
                                    {
                                        "exists": false,
                                        "field": "Microsoft.Network/virtualNetworks/subnets[*].serviceEndpointPolicies[*].id"
                                    }
                                ]
                            }
                        },
                        "greater": 0
                    }
                ]
            },
            "then": {
                "effect": "[parameters('effect')]"
            }
        },
        "policyType": "Custom"
    }
}
