{
    "properties": {
        "description": "This policy audits if a disk is encypted using a Key Encryption Key",
        "displayName": "[Telstra]Audit Disk Encryption KEK",
        "metadata": {
            "category": "Compute"
        },
        "mode": "All",
        "name": "AuditDiskEncryptionKEK",
        "parameters": {
            "effect": {
                "allowedValues": [
                    "Audit",
                    "Deny",
                    "Disable"
                ],
                "defaultValue": "Audit",
                "metadata": {
                    "additionalProperties": null,
                    "description": "Change the effect of the execution of the policy",
                    "displayName": "Effect"
                },
                "type": "String"
            }
        },
        "policyRule": {
            "if": {
                "allOf": [
                    {
                        "equals": "Microsoft.Compute/disks",
                        "field": "type"
                    },
                    {
                        "not": {
                            "exists": "true",
                            "field": "Microsoft.Compute/disks/encryptionSettings.keyEncryptionKey.sourceVault.id"
                        }
                    }
                ]
            },
            "then": {
                "effect": "[parameters('effect')]"
            }
        },
        "policyType": "Custom"
    }
}
