{
    "properties": {
        "description": "This policy checks for default route - nextHopType=Internet and addressPrefix=0.0.0.0/0.\n\nWhen a subnet is created, Azure creates a default route to the 0.0.0.0/0 address prefix, with the Internet next hop type. If you don't override this route, Azure routes all traffic destined to IP addresses not included in the address prefix of any other route, to the Internet",
        "displayName": "[Telstra]Azure Route Table with default system route",
        "metadata": {
            "category": "Network"
        },
        "mode": "All",
        "name": "AuditRouteTableDefaultSystemRoute",
        "parameters": {
            "effect": {
                "allowedValues": [
                    "Audit",
                    "Deny",
                    "Disable"
                ],
                "defaultValue": "Audit",
                "metadata": {
                    "additionalProperties": null,
                    "description": "Change the effect of the execution of the policy",
                    "displayName": "Effect"
                },
                "type": "String"
            }
        },
        "policyRule": {
            "if": {
                "allOf": [
                    {
                        "equals": "Microsoft.Network/routeTables/routes",
                        "field": "type"
                    },
                    {
                        "equals": "0.0.0.0/0",
                        "field": "Microsoft.Network/routeTables/routes/addressPrefix"
                    },
                    {
                        "equals": "Internet",
                        "field": "Microsoft.Network/routeTables/routes/nextHopType"
                    }
                ]
            },
            "then": {
                "effect": "[parameters('effect')]"
            }
        },
        "policyType": "Custom"
    }
}
