{
    "properties": {
        "description": "This policy audits if the virtual machine diagnostics extension is enabled.",
        "displayName": "[Telstra]Audit Diagnostic Extension Enabled",
        "metadata": {
            "category": "Compute"
        },
        "mode": "All",
        "name": "AuditDiagnosticExtensionEnabled",
        "parameters": {
            "effect": {
                "type": "String",
                "metadata": {
                    "displayName": "Effect",
                    "description": "Enable or disable the execution of the policy"
                },
                "allowedValues": [
                    "AuditIfNotExists",
                    "Disabled"
                ],
                "defaultValue": "AuditIfNotExists"
            }
        },
        "policyRule": {
            "if": {
                "anyOf": [
                    {
                        "equals": "Microsoft.Compute/virtualMachines",
                        "field": "type"
                    },
                    {
                        "equals": "Microsoft.Compute/virtualMachineScaleSets",
                        "field": "type"
                    }
                ]
            },
            "then": {
                "details": {
                    "existenceCondition": {
                        "allOf": [
                            {
                                "equals": "Microsoft.Azure.Diagnostics",
                                "field": "Microsoft.Compute/virtualMachines/extensions/publisher"
                            },
                            {
                                "field": "Microsoft.Compute/virtualMachines/extensions/type",
                                "in": [
                                    "IaaSDiagnostics",
                                    "LinuxDiagnostic"
                                ]
                            }
                        ]
                    },
                    "type": "Microsoft.Compute/virtualMachines/extensions"
                },
                "effect": "[parameters('effect')]"
            }
        },
        "policyType": "Custom"
    }
}
