{
    "properties": {
        "description": "This policy is aligned with the Telstra Azure VM Security Baseline standards requirement that mandates the use of managed identities for the VMs to authenticate and access Azure services",
        "displayName": "[Telstra]Audit VMs that do not use Managed Identities",
        "metadata": {
            "category": "Compute"
        },
        "mode": "All",
        "name": "AuditVMManagedIdentities",
        "parameters": {
            "effect": {
                "allowedValues": [
                    "Audit",
                    "Deny",
                    "Disable"
                ],
                "defaultValue": "Audit",
                "metadata": {
                    "additionalProperties": null,
                    "description": "Change the effect of the execution of the policy",
                    "displayName": "Effect"
                },
                "type": "String"
            }
        },
        "policyRule": {
            "if": {
                "allOf": [
                    {
                        "equals": "Microsoft.Compute/virtualMachines",
                        "field": "type"
                    },
                    {
                        "exists": "false",
                        "field": "identity.type"
                    }
                ]
            },
            "then": {
                "effect": "[parameters('effect')]"
            }
        },
        "policyType": "Custom"
    }
}
