{
    "properties": {
        "description": "This policy audits if a cloud shell account has been system created.",
        "displayName": "[Telstra]Audit system created cloud shell storage accounts",
        "metadata": {
            "category": "Storage"
        },
        "mode": "All",
        "name": "AuditCloudShellStorage",
        "parameters": {
            "effect": {
                "allowedValues": [
                    "Audit",
                    "Deny",
                    "Disable"
                ],
                "defaultValue": "Audit",
                "metadata": {
                    "additionalProperties": null,
                    "description": "Change the effect of the execution of the policy",
                    "displayName": "Effect"
                },
                "type": "String"
            }
        },
        "policyRule": {
            "if": {
                "allOf": [
                    {
                        "equals": "Microsoft.Storage/storageAccounts",
                        "field": "type"
                    },
                    {
                        "equals": "azure-cloud-shell",
                        "field": "tags['ms-resource-usage']"
                    }
                ]
            },
            "then": {
                "effect": "[parameters('effect')]"
            }
        },
        "policyType": "Custom"
    }
}
