{
    "properties": {
        "description": "This policy audits if Azure metrics and logging services have access to a storage account.",
        "displayName": "[Telstra]Audit Storage Service Settings for metrics and logging",
        "metadata": {
            "category": "Storage"
        },
        "mode": "All",
        "name": "AuditStorageServiceSettings",
        "parameters": {
            "effect": {
                "allowedValues": [
                    "Audit",
                    "Deny",
                    "Disable"
                ],
                "defaultValue": "Audit",
                "metadata": {
                    "additionalProperties": null,
                    "description": "Change the effect of the execution of the policy",
                    "displayName": "Effect"
                },
                "type": "String"
            }
        },
        "policyRule": {
            "if": {
                "allOf": [
                    {
                        "equals": "Microsoft.Storage/storageAccounts",
                        "field": "type"
                    },
                    {
                        "field": "Microsoft.Storage/storageAccounts/networkAcls.bypass",
                        "notEquals": "AzureServices"
                    }
                ]
            },
            "then": {
                "effect": "[parameters('effect')]"
            }
        },
        "policyType": "Custom"
    }
}
