{
  "type": "Microsoft.Authorization/policySetDefinitions",
  "name": "AllowedServicesBaseline",
  "description": "description",
  "displayName": "[Incubation Governance] Allowed Services",
  "metadata": {
    "category": "Incubation Governance",
    "targetService": "Allowed Services"
  },
  "parameters": {},
  "policyDefinitions": [
    {
      "parameters": {
        "listOfResourceTypesAllowed": {
          "value": [
            "Microsoft.Advisor/advisorScore",
            "Microsoft.Advisor/assessments",
            "Microsoft.Advisor/assessmentTypes",
            "Microsoft.Advisor/configurations",
            "Microsoft.Advisor/generateRecommendations",
            "Microsoft.Advisor/metadata",
            "Microsoft.Advisor/operations",
            "Microsoft.Advisor/predict",
            "Microsoft.Advisor/recommendations",
            "Microsoft.Advisor/resiliencyReviews",
            "Microsoft.Advisor/suppressions",
            "Microsoft.Advisor/triageRecommendations",
            "Microsoft.Advisor/workloads",
            "Microsoft.AlertsManagement/actionRules",
            "Microsoft.AlertsManagement/alertRuleRecommendations",
            "Microsoft.AlertsManagement/alerts",
            "Microsoft.AlertsManagement/alertsMetaData",
            "Microsoft.AlertsManagement/alertsSummary",
            "Microsoft.AlertsManagement/investigations",
            "Microsoft.AlertsManagement/migrateFromSmartDetection",
            "Microsoft.AlertsManagement/operations",
            "Microsoft.AlertsManagement/prometheusRuleGroups",
            "Microsoft.AlertsManagement/smartDetectorAlertRules",
            "Microsoft.AlertsManagement/smartGroups",
            "Microsoft.AlertsManagement/tenantActivityLogAlerts",
            "Microsoft.Authorization/accessReviewHistoryDefinitions",
            "Microsoft.Authorization/accessReviewScheduleDefinitions",
            "Microsoft.Authorization/accessReviewScheduleSettings",
            "Microsoft.Authorization/batchResourceCheckAccess",
            "Microsoft.Authorization/checkAccess",
            "Microsoft.Authorization/classicAdministrators",
            "Microsoft.Authorization/dataAliases",
            "Microsoft.Authorization/dataPolicyManifests",
            "Microsoft.Authorization/denyAssignments",
            "Microsoft.Authorization/diagnosticSettings",
            "Microsoft.Authorization/diagnosticSettingsCategories",
            "Microsoft.Authorization/elevateAccess",
            "Microsoft.Authorization/eligibleChildResources",
            "Microsoft.Authorization/EnablePrivateLinkNetworkAccess",
            "Microsoft.Authorization/findOrphanRoleAssignments",
            "Microsoft.Authorization/listPolicyDefinitionVersions",
            "Microsoft.Authorization/listPolicySetDefinitionVersions",
            "Microsoft.Authorization/locks",
            "Microsoft.Authorization/operations",
            "Microsoft.Authorization/operationStatus",
            "Microsoft.Authorization/permissions",
            "Microsoft.Authorization/policyAssignments",
            "Microsoft.Authorization/policyDefinitions",
            "Microsoft.Authorization/policyDefinitions/versions",
            "Microsoft.Authorization/policyExemptions",
            "Microsoft.Authorization/policySetDefinitions",
            "Microsoft.Authorization/policySetDefinitions/versions",
            "Microsoft.Authorization/privateLinkAssociations",
            "Microsoft.Authorization/providerOperations",
            "Microsoft.Authorization/resourceManagementPrivateLinks",
            "Microsoft.Authorization/roleAssignmentApprovals",
            "Microsoft.Authorization/roleAssignments",
            "Microsoft.Authorization/roleAssignmentScheduleInstances",
            "Microsoft.Authorization/roleAssignmentScheduleRequests",
            "Microsoft.Authorization/roleAssignmentSchedules",
            "Microsoft.Authorization/roleAssignmentsUsageMetrics",
            "Microsoft.Authorization/roleDefinitions",
            "Microsoft.Authorization/roleEligibilityScheduleInstances",
            "Microsoft.Authorization/roleEligibilityScheduleRequests",
            "Microsoft.Authorization/roleEligibilitySchedules",
            "Microsoft.Authorization/roleManagementAlertConfigurations",
            "Microsoft.Authorization/roleManagementAlertDefinitions",
            "Microsoft.Authorization/roleManagementAlertOperations",
            "Microsoft.Authorization/roleManagementAlerts",
            "Microsoft.Authorization/roleManagementPolicies",
            "Microsoft.Authorization/roleManagementPolicyAssignments",
            "Microsoft.Billing/billingAccounts",
            "Microsoft.Billing/billingAccounts/addresses",
            "Microsoft.Billing/billingAccounts/agreements",
            "Microsoft.Billing/billingAccounts/alertPreferences",
            "Microsoft.Billing/billingAccounts/alerts",
            "Microsoft.Billing/billingAccounts/appliedReservationOrders",
            "Microsoft.Billing/billingAccounts/associatedTenants",
            "Microsoft.Billing/billingAccounts/availableBalance",
            "Microsoft.Billing/billingAccounts/billingPermissions",
            "Microsoft.Billing/billingAccounts/billingProfiles",
            "Microsoft.Billing/billingAccounts/billingProfiles/alertPreferences",
            "Microsoft.Billing/billingAccounts/billingProfiles/alerts",
            "Microsoft.Billing/billingAccounts/billingProfiles/availableBalance",
            "Microsoft.Billing/billingAccounts/billingProfiles/billingPermissions",
            "Microsoft.Billing/billingAccounts/billingProfiles/billingRequests",
            "Microsoft.Billing/billingAccounts/billingProfiles/billingRoleAssignments",
            "Microsoft.Billing/billingAccounts/billingProfiles/billingRoleDefinitions",
            "Microsoft.Billing/billingAccounts/billingProfiles/billingSubscriptions",
            "Microsoft.Billing/billingAccounts/billingProfiles/createBillingRoleAssignment",
            "Microsoft.Billing/billingAccounts/billingProfiles/customers",
            "Microsoft.Billing/billingAccounts/billingProfiles/customers/billingPermissions",
            "Microsoft.Billing/billingAccounts/billingProfiles/customers/billingRequests",
            "Microsoft.Billing/billingAccounts/billingProfiles/customers/billingRoleAssignments",
            "Microsoft.Billing/billingAccounts/billingProfiles/customers/billingRoleDefinitions",
            "Microsoft.Billing/billingAccounts/billingProfiles/customers/billingSubscriptions",
            "Microsoft.Billing/billingAccounts/billingProfiles/customers/policies",
            "Microsoft.Billing/billingAccounts/billingProfiles/customers/transactions",
            "Microsoft.Billing/billingAccounts/billingProfiles/departments",
            "Microsoft.Billing/billingAccounts/billingProfiles/departments/billingPermissions",
            "Microsoft.Billing/billingAccounts/billingProfiles/departments/billingRoleAssignments",
            "Microsoft.Billing/billingAccounts/billingProfiles/departments/billingRoleDefinitions",
            "Microsoft.Billing/billingAccounts/billingProfiles/departments/billingSubscriptions",
            "Microsoft.Billing/billingAccounts/billingProfiles/departments/enrollmentAccounts",
            "Microsoft.Billing/billingAccounts/billingProfiles/enrollmentAccounts",
            "Microsoft.Billing/billingAccounts/billingProfiles/enrollmentAccounts/billingPermissions",
            "Microsoft.Billing/billingAccounts/billingProfiles/enrollmentAccounts/billingSubscriptions",
            "Microsoft.Billing/billingAccounts/billingProfiles/instructions",
            "Microsoft.Billing/billingAccounts/billingProfiles/invoices",
            "Microsoft.Billing/billingAccounts/billingProfiles/invoices/operationResults",
            "Microsoft.Billing/billingAccounts/billingProfiles/invoices/pricesheet",
            "Microsoft.Billing/billingAccounts/billingProfiles/invoices/transactions",
            "Microsoft.Billing/billingAccounts/billingProfiles/invoiceSections",
            "Microsoft.Billing/billingAccounts/billingProfiles/invoiceSections/billingPermissions",
            "Microsoft.Billing/billingAccounts/billingProfiles/invoiceSections/billingRequests",
            "Microsoft.Billing/billingAccounts/billingProfiles/invoiceSections/billingRoleAssignments",
            "Microsoft.Billing/billingAccounts/billingProfiles/invoiceSections/billingRoleDefinitions",
            "Microsoft.Billing/billingAccounts/billingProfiles/invoiceSections/billingSubscriptions",
            "Microsoft.Billing/billingAccounts/billingProfiles/invoiceSections/createBillingRoleAssignment",
            "Microsoft.Billing/billingAccounts/billingProfiles/invoiceSections/initiateTransfer",
            "Microsoft.Billing/billingAccounts/billingProfiles/invoiceSections/products",
            "Microsoft.Billing/billingAccounts/billingProfiles/invoiceSections/products/transfer",
            "Microsoft.Billing/billingAccounts/billingProfiles/invoiceSections/products/updateAutoRenew",
            "Microsoft.Billing/billingAccounts/billingProfiles/invoiceSections/transactions",
            "Microsoft.Billing/billingAccounts/billingProfiles/invoiceSections/transfers",
            "Microsoft.Billing/billingAccounts/billingProfiles/invoiceSections/validateDeleteInvoiceSectionEligibility",
            "Microsoft.Billing/billingAccounts/billingProfiles/notificationContacts",
            "Microsoft.Billing/billingAccounts/BillingProfiles/patchOperations",
            "Microsoft.Billing/billingAccounts/billingProfiles/paymentMethodLinks",
            "Microsoft.Billing/billingAccounts/billingProfiles/paymentMethods",
            "Microsoft.Billing/billingAccounts/billingProfiles/policies",
            "Microsoft.Billing/billingAccounts/billingProfiles/pricesheet",
            "Microsoft.Billing/billingAccounts/billingProfiles/pricesheetDownloadOperations",
            "Microsoft.Billing/billingAccounts/billingProfiles/products",
            "Microsoft.Billing/billingAccounts/billingProfiles/reservations",
            "Microsoft.Billing/billingAccounts/billingProfiles/transactions",
            "Microsoft.Billing/billingAccounts/billingProfiles/validateDeleteBillingProfileEligibility",
            "Microsoft.Billing/billingAccounts/billingProfiles/validateDetachPaymentMethodEligibility",
            "Microsoft.Billing/billingAccounts/billingProfilesSummaries",
            "Microsoft.Billing/billingAccounts/billingRequests",
            "Microsoft.Billing/billingAccounts/billingRoleAssignments",
            "Microsoft.Billing/billingAccounts/billingRoleDefinitions",
            "Microsoft.Billing/billingAccounts/billingSubscriptionAliases",
            "Microsoft.Billing/billingAccounts/billingSubscriptions",
            "Microsoft.Billing/billingAccounts/billingSubscriptions/elevateRole",
            "Microsoft.Billing/billingAccounts/billingSubscriptions/invoices",
            "Microsoft.Billing/billingAccounts/billingSubscriptions/invoices/operationResults",
            "Microsoft.Billing/billingAccounts/billingSubscriptions/operationResults",
            "Microsoft.Billing/billingAccounts/billingSubscriptions/policies",
            "Microsoft.Billing/billingAccounts/createBillingRoleAssignment",
            "Microsoft.Billing/billingAccounts/createInvoiceSectionOperations",
            "Microsoft.Billing/billingAccounts/customers",
            "Microsoft.Billing/billingAccounts/customers/billingPermissions",
            "Microsoft.Billing/billingAccounts/customers/billingRoleAssignments",
            "Microsoft.Billing/billingAccounts/customers/billingRoleDefinitions",
            "Microsoft.Billing/billingAccounts/customers/billingSubscriptions",
            "Microsoft.Billing/billingAccounts/customers/createBillingRoleAssignment",
            "Microsoft.Billing/billingAccounts/customers/initiateTransfer",
            "Microsoft.Billing/billingAccounts/customers/policies",
            "Microsoft.Billing/billingAccounts/customers/products",
            "Microsoft.Billing/billingAccounts/customers/transactions",
            "Microsoft.Billing/billingAccounts/customers/transfers",
            "Microsoft.Billing/billingAccounts/customers/transferSupportedAccounts",
            "Microsoft.Billing/billingAccounts/departments",
            "Microsoft.Billing/billingAccounts/departments/billingPermissions",
            "Microsoft.Billing/billingAccounts/departments/billingRoleAssignments",
            "Microsoft.Billing/billingAccounts/departments/billingRoleDefinitions",
            "Microsoft.Billing/billingAccounts/departments/billingSubscriptions",
            "Microsoft.Billing/billingAccounts/departments/enrollmentAccounts",
            "Microsoft.Billing/billingAccounts/enrollmentAccounts",
            "Microsoft.Billing/billingAccounts/enrollmentAccounts/activationStatus",
            "Microsoft.Billing/billingAccounts/enrollmentAccounts/billingPermissions",
            "Microsoft.Billing/billingAccounts/enrollmentAccounts/billingRoleAssignments",
            "Microsoft.Billing/billingAccounts/enrollmentAccounts/billingRoleDefinitions",
            "Microsoft.Billing/billingAccounts/enrollmentAccounts/billingSubscriptions",
            "Microsoft.Billing/billingAccounts/incentiveSchedules",
            "Microsoft.Billing/billingAccounts/incentiveSchedules/milestones",
            "Microsoft.Billing/billingAccounts/invoices",
            "Microsoft.Billing/billingAccounts/invoices/operationResults",
            "Microsoft.Billing/billingAccounts/invoices/summary",
            "Microsoft.Billing/billingAccounts/invoices/transactions",
            "Microsoft.Billing/billingAccounts/invoices/transactionSummary",
            "Microsoft.Billing/billingAccounts/invoiceSections",
            "Microsoft.Billing/billingAccounts/invoiceSections/billingSubscriptionMoveOperations",
            "Microsoft.Billing/billingAccounts/invoiceSections/billingSubscriptions",
            "Microsoft.Billing/billingAccounts/invoiceSections/billingSubscriptions/transfer",
            "Microsoft.Billing/billingAccounts/invoiceSections/elevate",
            "Microsoft.Billing/billingAccounts/invoiceSections/initiateTransfer",
            "Microsoft.Billing/billingAccounts/invoiceSections/patchOperations",
            "Microsoft.Billing/billingAccounts/invoiceSections/productMoveOperations",
            "Microsoft.Billing/billingAccounts/invoiceSections/products",
            "Microsoft.Billing/billingAccounts/invoiceSections/products/transfer",
            "Microsoft.Billing/billingAccounts/invoiceSections/products/updateAutoRenew",
            "Microsoft.Billing/billingAccounts/invoiceSections/productTransfersResults",
            "Microsoft.Billing/billingAccounts/invoiceSections/transactions",
            "Microsoft.Billing/billingAccounts/invoiceSections/transfers",
            "Microsoft.Billing/billingAccounts/lineOfCredit",
            "Microsoft.Billing/billingAccounts/listInvoiceSectionsWithCreateSubscriptionPermission",
            "Microsoft.Billing/billingAccounts/listProductRecommendations",
            "Microsoft.Billing/billingAccounts/notificationContacts",
            "Microsoft.Billing/billingAccounts/operationResults",
            "Microsoft.Billing/billingAccounts/patchOperations",
            "Microsoft.Billing/billingAccounts/payableOverage",
            "Microsoft.Billing/billingAccounts/paymentMethods",
            "Microsoft.Billing/billingAccounts/payNow",
            "Microsoft.Billing/billingAccounts/permissionRequests",
            "Microsoft.Billing/billingAccounts/policies",
            "Microsoft.Billing/billingAccounts/previewAgreements",
            "Microsoft.Billing/billingAccounts/products",
            "Microsoft.Billing/billingAccounts/promotionalCredits",
            "Microsoft.Billing/billingAccounts/reservationOrders",
            "Microsoft.Billing/billingAccounts/reservationOrders/reservations",
            "Microsoft.Billing/billingAccounts/reservations",
            "Microsoft.Billing/billingAccounts/savingsPlanOrders",
            "Microsoft.Billing/billingAccounts/savingsPlanOrders/savingsPlans",
            "Microsoft.Billing/billingAccounts/savingsPlans",
            "Microsoft.Billing/billingAccounts/signAgreement",
            "Microsoft.Billing/billingAccounts/transactions",
            "Microsoft.Billing/billingPeriods",
            "Microsoft.Billing/billingPermissions",
            "Microsoft.Billing/billingProperty",
            "Microsoft.Billing/billingRequests",
            "Microsoft.Billing/billingRoleAssignments",
            "Microsoft.Billing/billingRoleDefinitions",
            "Microsoft.Billing/createBillingRoleAssignment",
            "Microsoft.Billing/departments",
            "Microsoft.Billing/enrollmentAccounts",
            "Microsoft.Billing/invoices",
            "Microsoft.Billing/operationResults",
            "Microsoft.Billing/operations",
            "Microsoft.Billing/operationStatus",
            "Microsoft.Billing/paymentMethods",
            "Microsoft.Billing/permissionRequests",
            "Microsoft.Billing/policies",
            "Microsoft.Billing/promotionalCredits",
            "Microsoft.Billing/promotionalCredits/operationResults",
            "Microsoft.Billing/promotions",
            "Microsoft.Billing/promotions/checkeligibility",
            "Microsoft.Billing/transfers",
            "Microsoft.Billing/transfers/acceptTransfer",
            "Microsoft.Billing/transfers/declineTransfer",
            "Microsoft.Billing/transfers/operationStatus",
            "Microsoft.Billing/transfers/validateTransfer",
            "Microsoft.Billing/validateAddress",
            "Microsoft.Compute/availabilitySets",
            "Microsoft.Compute/capacityReservationGroups",
            "Microsoft.Compute/capacityReservationGroups/capacityReservations",
            "Microsoft.Compute/cloudServices",
            "Microsoft.Compute/cloudServices/networkInterfaces",
            "Microsoft.Compute/cloudServices/publicIPAddresses",
            "Microsoft.Compute/cloudServices/roleInstances",
            "Microsoft.Compute/cloudServices/roleInstances/networkInterfaces",
            "Microsoft.Compute/cloudServices/roles",
            "Microsoft.Compute/diskAccesses",
            "Microsoft.Compute/diskEncryptionSets",
            "Microsoft.Compute/disks",
            "Microsoft.Compute/galleries",
            "Microsoft.Compute/galleries/applications",
            "Microsoft.Compute/galleries/applications/versions",
            "Microsoft.Compute/galleries/images",
            "Microsoft.Compute/galleries/images/versions",
            "Microsoft.Compute/hostGroups",
            "Microsoft.Compute/hostGroups/hosts",
            "Microsoft.Compute/images",
            "Microsoft.Compute/locations",
            "Microsoft.Compute/locations/artifactPublishers",
            "Microsoft.Compute/locations/capsoperations",
            "Microsoft.Compute/locations/cloudServiceOsFamilies",
            "Microsoft.Compute/locations/cloudServiceOsVersions",
            "Microsoft.Compute/locations/communityGalleries",
            "Microsoft.Compute/locations/csoperations",
            "Microsoft.Compute/locations/diagnosticOperations",
            "Microsoft.Compute/locations/diagnostics",
            "Microsoft.Compute/locations/diskoperations",
            "Microsoft.Compute/locations/edgeZones",
            "Microsoft.Compute/locations/edgeZones/publishers",
            "Microsoft.Compute/locations/edgeZones/vmimages",
            "Microsoft.Compute/locations/galleries",
            "Microsoft.Compute/locations/logAnalytics",
            "Microsoft.Compute/locations/operations",
            "Microsoft.Compute/locations/placementRecommendations",
            "Microsoft.Compute/locations/placementScores",
            "Microsoft.Compute/locations/publishers",
            "Microsoft.Compute/locations/recommendations",
            "Microsoft.Compute/locations/runCommands",
            "Microsoft.Compute/locations/sharedGalleries",
            "Microsoft.Compute/locations/spotEvictionRates",
            "Microsoft.Compute/locations/spotPriceHistory",
            "Microsoft.Compute/locations/usages",
            "Microsoft.Compute/locations/virtualMachines",
            "Microsoft.Compute/locations/virtualMachineScaleSets",
            "Microsoft.Compute/locations/vmSizes",
            "Microsoft.Compute/operations",
            "Microsoft.Compute/payloadGroups",
            "Microsoft.Compute/proximityPlacementGroups",
            "Microsoft.Compute/restorePointCollections",
            "Microsoft.Compute/restorePointCollections/restorePoints",
            "Microsoft.Compute/restorePointCollections/restorePoints/diskRestorePoints",
            "Microsoft.Compute/sharedVMImages",
            "Microsoft.Compute/sharedVMImages/versions",
            "Microsoft.Compute/snapshots",
            "Microsoft.Compute/sshPublicKeys",
            "Microsoft.Compute/virtualMachines",
            "Microsoft.Compute/virtualMachines/extensions",
            "Microsoft.Compute/virtualMachines/metricDefinitions",
            "Microsoft.Compute/virtualMachines/runCommands",
            "Microsoft.Compute/virtualMachines/VMApplications",
            "Microsoft.Compute/virtualMachineScaleSets",
            "Microsoft.Compute/virtualMachineScaleSets/applications",
            "Microsoft.Compute/virtualMachineScaleSets/disks",
            "Microsoft.Compute/virtualMachineScaleSets/extensions",
            "Microsoft.Compute/virtualMachineScaleSets/networkInterfaces",
            "Microsoft.Compute/virtualMachineScaleSets/publicIPAddresses",
            "Microsoft.Compute/virtualMachineScaleSets/virtualMachines",
            "Microsoft.Compute/virtualMachineScaleSets/virtualMachines/extensions",
            "Microsoft.Compute/virtualMachineScaleSets/virtualMachines/networkInterfaces",
            "Microsoft.Consumption/AggregatedCost",
            "Microsoft.Consumption/Balances",
            "Microsoft.Consumption/Budgets",
            "Microsoft.Consumption/Charges",
            "Microsoft.Consumption/CostTags",
            "Microsoft.Consumption/credits",
            "Microsoft.Consumption/events",
            "Microsoft.Consumption/Forecasts",
            "Microsoft.Consumption/lots",
            "Microsoft.Consumption/Marketplaces",
            "Microsoft.Consumption/OperationResults",
            "Microsoft.Consumption/Operations",
            "Microsoft.Consumption/OperationStatus",
            "Microsoft.Consumption/Pricesheets",
            "Microsoft.Consumption/products",
            "Microsoft.Consumption/ReservationDetails",
            "Microsoft.Consumption/ReservationRecommendationDetails",
            "Microsoft.Consumption/ReservationRecommendations",
            "Microsoft.Consumption/ReservationSummaries",
            "Microsoft.Consumption/ReservationTransactions",
            "Microsoft.Consumption/Tags",
            "Microsoft.Consumption/tenants",
            "Microsoft.Consumption/Terms",
            "Microsoft.Consumption/UsageDetails",
            "Microsoft.ContainerInstance/containerGroupProfiles",
            "Microsoft.ContainerInstance/containerGroups",
            "Microsoft.ContainerInstance/locations",
            "Microsoft.ContainerInstance/locations/cachedImages",
            "Microsoft.ContainerInstance/locations/capabilities",
            "Microsoft.ContainerInstance/locations/deleteVirtualNetworkOrSubnets",
            "Microsoft.ContainerInstance/locations/operationresults",
            "Microsoft.ContainerInstance/locations/operations",
            "Microsoft.ContainerInstance/locations/usages",
            "Microsoft.ContainerInstance/locations/validateDeleteVirtualNetworkOrSubnets",
            "Microsoft.ContainerInstance/operations",
            "Microsoft.ContainerInstance/serviceAssociationLinks",
            "Microsoft.CostManagement/Alerts",
            "Microsoft.CostManagement/BenefitRecommendations",
            "Microsoft.CostManagement/BenefitUtilizationSummaries",
            "Microsoft.CostManagement/BenefitUtilizationSummariesOperationResults",
            "Microsoft.CostManagement/BillingAccounts",
            "Microsoft.CostManagement/Budgets",
            "Microsoft.CostManagement/CalculateCost",
            "Microsoft.CostManagement/calculatePrice",
            "Microsoft.CostManagement/CheckConnectorEligibility",
            "Microsoft.CostManagement/CheckNameAvailability",
            "Microsoft.CostManagement/CloudConnectors",
            "Microsoft.CostManagement/Connectors",
            "Microsoft.CostManagement/costAllocationRules",
            "Microsoft.CostManagement/CostDetailsOperationResults",
            "Microsoft.CostManagement/Departments",
            "Microsoft.CostManagement/Dimensions",
            "Microsoft.CostManagement/EnrollmentAccounts",
            "Microsoft.CostManagement/Exports",
            "Microsoft.CostManagement/ExternalBillingAccounts",
            "Microsoft.CostManagement/ExternalBillingAccounts/Alerts",
            "Microsoft.CostManagement/ExternalBillingAccounts/Dimensions",
            "Microsoft.CostManagement/ExternalBillingAccounts/Forecast",
            "Microsoft.CostManagement/ExternalBillingAccounts/Query",
            "Microsoft.CostManagement/ExternalSubscriptions",
            "Microsoft.CostManagement/ExternalSubscriptions/Alerts",
            "Microsoft.CostManagement/ExternalSubscriptions/Dimensions",
            "Microsoft.CostManagement/ExternalSubscriptions/Forecast",
            "Microsoft.CostManagement/ExternalSubscriptions/Query",
            "Microsoft.CostManagement/fetchMarketplacePrices",
            "Microsoft.CostManagement/fetchMicrosoftPrices",
            "Microsoft.CostManagement/fetchPrices",
            "Microsoft.CostManagement/Forecast",
            "Microsoft.CostManagement/GenerateBenefitUtilizationSummariesReport",
            "Microsoft.CostManagement/GenerateCostDetailsReport",
            "Microsoft.CostManagement/GenerateDetailedCostReport",
            "Microsoft.CostManagement/GenerateReservationDetailsReport",
            "Microsoft.CostManagement/Insights",
            "Microsoft.CostManagement/MarkupRules",
            "Microsoft.CostManagement/OperationResults",
            "Microsoft.CostManagement/operations",
            "Microsoft.CostManagement/OperationStatus",
            "Microsoft.CostManagement/Pricesheets",
            "Microsoft.CostManagement/Publish",
            "Microsoft.CostManagement/Query",
            "Microsoft.CostManagement/register",
            "Microsoft.CostManagement/Reportconfigs",
            "Microsoft.CostManagement/Reports",
            "Microsoft.CostManagement/ReservationDetailsOperationResults",
            "Microsoft.CostManagement/ScheduledActions",
            "Microsoft.CostManagement/SendMessage",
            "Microsoft.CostManagement/Settings",
            "Microsoft.CostManagement/StartConversation",
            "Microsoft.CostManagement/Views",
            "Microsoft.DevCenter/checkNameAvailability",
            "Microsoft.DevCenter/checkScopedNameAvailability",
            "Microsoft.DevCenter/devcenters",
            "Microsoft.DevCenter/devcenters/attachednetworks",
            "Microsoft.DevCenter/devcenters/catalogs",
            "Microsoft.DevCenter/devcenters/catalogs/devboxdefinitions",
            "Microsoft.DevCenter/devcenters/catalogs/environmentDefinitions",
            "Microsoft.DevCenter/devcenters/catalogs/tasks",
            "Microsoft.DevCenter/devcenters/devboxdefinitions",
            "Microsoft.DevCenter/devcenters/environmentTypes",
            "Microsoft.DevCenter/devcenters/galleries",
            "Microsoft.DevCenter/devcenters/galleries/images",
            "Microsoft.DevCenter/devcenters/galleries/images/versions",
            "Microsoft.DevCenter/devcenters/images",
            "Microsoft.DevCenter/Locations",
            "Microsoft.DevCenter/Locations/OperationStatuses",
            "Microsoft.DevCenter/Locations/usages",
            "Microsoft.DevCenter/networkconnections",
            "Microsoft.DevCenter/networkconnections/healthchecks",
            "Microsoft.DevCenter/networkconnections/outboundNetworkDependenciesEndpoints",
            "Microsoft.DevCenter/operations",
            "Microsoft.DevCenter/projects",
            "Microsoft.DevCenter/projects/allowedEnvironmentTypes",
            "Microsoft.DevCenter/projects/attachednetworks",
            "Microsoft.DevCenter/projects/catalogs",
            "Microsoft.DevCenter/projects/catalogs/environmentDefinitions",
            "Microsoft.DevCenter/projects/catalogs/imagedefinitions",
            "Microsoft.DevCenter/projects/catalogs/imagedefinitions/builds",
            "Microsoft.DevCenter/projects/devboxdefinitions",
            "Microsoft.DevCenter/projects/environmentTypes",
            "Microsoft.DevCenter/projects/images",
            "Microsoft.DevCenter/projects/images/versions",
            "Microsoft.DevCenter/projects/listskus",
            "Microsoft.DevCenter/projects/pools",
            "Microsoft.DevCenter/projects/pools/schedules",
            "Microsoft.Diagnostics/apollo",
            "Microsoft.Diagnostics/azureKB",
            "Microsoft.Diagnostics/checkNameAvailability",
            "Microsoft.Diagnostics/discoverSolutions",
            "Microsoft.Diagnostics/insights",
            "Microsoft.Diagnostics/operationResults",
            "Microsoft.Diagnostics/operations",
            "Microsoft.Diagnostics/solutions",
            "Microsoft.Features/featureConfigurations",
            "Microsoft.Features/featureProviderNamespaces",
            "Microsoft.Features/featureProviders",
            "Microsoft.Features/features",
            "Microsoft.Features/operations",
            "Microsoft.Features/providers",
            "Microsoft.Features/subscriptionFeatureRegistrations",
            "microsoft.insights/actiongroups",
            "microsoft.insights/actiongroups/networkSecurityPerimeterAssociationProxies",
            "microsoft.insights/actiongroups/networkSecurityPerimeterConfigurations",
            "microsoft.insights/activityLogAlerts",
            "microsoft.insights/alertrules",
            "microsoft.insights/autoscalesettings",
            "microsoft.insights/components",
            "microsoft.insights/components/aggregate",
            "microsoft.insights/components/analyticsItems",
            "microsoft.insights/components/annotations",
            "microsoft.insights/components/api",
            "microsoft.insights/components/apiKeys",
            "microsoft.insights/components/currentBillingFeatures",
            "microsoft.insights/components/defaultWorkItemConfig",
            "microsoft.insights/components/events",
            "microsoft.insights/components/exportConfiguration",
            "microsoft.insights/components/extendQueries",
            "microsoft.insights/components/favorites",
            "microsoft.insights/components/featureCapabilities",
            "microsoft.insights/components/getAvailableBillingFeatures",
            "microsoft.insights/components/linkedstorageaccounts",
            "microsoft.insights/components/metadata",
            "microsoft.insights/components/metricDefinitions",
            "microsoft.insights/components/metrics",
            "microsoft.insights/components/move",
            "microsoft.insights/components/myAnalyticsItems",
            "microsoft.insights/components/myFavorites",
            "microsoft.insights/components/operations",
            "microsoft.insights/components/pricingPlans",
            "microsoft.insights/components/proactiveDetectionConfigs",
            "microsoft.insights/components/purge",
            "microsoft.insights/components/query",
            "microsoft.insights/components/quotaStatus",
            "microsoft.insights/components/syntheticmonitorlocations",
            "microsoft.insights/components/webtests",
            "microsoft.insights/components/workItemConfigs",
            "microsoft.insights/createnotifications",
            "microsoft.insights/dataCollectionEndpoints",
            "microsoft.insights/dataCollectionEndpoints/networkSecurityPerimeterAssociationProxies",
            "microsoft.insights/dataCollectionEndpoints/networkSecurityPerimeterConfigurations",
            "microsoft.insights/dataCollectionEndpoints/scopedPrivateLinkProxies",
            "microsoft.insights/dataCollectionRuleAssociations",
            "microsoft.insights/dataCollectionRules",
            "microsoft.insights/deletedWorkbooks",
            "microsoft.insights/diagnosticSettings",
            "microsoft.insights/diagnosticSettingsCategories",
            "microsoft.insights/eventCategories",
            "microsoft.insights/eventtypes",
            "microsoft.insights/extendedDiagnosticSettings",
            "microsoft.insights/generateLiveToken",
            "microsoft.insights/listMigrationdate",
            "microsoft.insights/locations",
            "microsoft.insights/locations/notifyNetworkSecurityPerimeterUpdatesAvailable",
            "microsoft.insights/locations/operationResults",
            "microsoft.insights/logDefinitions",
            "microsoft.insights/logprofiles",
            "microsoft.insights/logs",
            "microsoft.insights/metricalerts",
            "microsoft.insights/metricbaselines",
            "microsoft.insights/metricbatch",
            "microsoft.insights/metricDefinitions",
            "microsoft.insights/metricNamespaces",
            "microsoft.insights/metrics",
            "microsoft.insights/migratealertrules",
            "microsoft.insights/migrateToNewPricingModel",
            "microsoft.insights/monitoredObjects",
            "microsoft.insights/notificationstatus",
            "microsoft.insights/operations",
            "microsoft.insights/privateLinkScopeOperationStatuses",
            "microsoft.insights/privateLinkScopes",
            "microsoft.insights/privateLinkScopes/privateEndpointConnectionProxies",
            "microsoft.insights/privateLinkScopes/privateEndpointConnections",
            "microsoft.insights/privateLinkScopes/scopedResources",
            "microsoft.insights/rollbackToLegacyPricingModel",
            "microsoft.insights/scheduledqueryrules",
            "microsoft.insights/scheduledqueryrules/networkSecurityPerimeterAssociationProxies",
            "microsoft.insights/scheduledqueryrules/networkSecurityPerimeterConfigurations",
            "microsoft.insights/tenantactiongroups",
            "microsoft.insights/topology",
            "microsoft.insights/transactions",
            "microsoft.insights/vmInsightsOnboardingStatuses",
            "microsoft.insights/webtests",
            "microsoft.insights/webtests/getTestResultFile",
            "microsoft.insights/workbooks",
            "microsoft.insights/workbooktemplates",
            "Microsoft.KeyVault/checkMhsmNameAvailability",
            "Microsoft.KeyVault/checkNameAvailability",
            "Microsoft.KeyVault/deletedManagedHSMs",
            "Microsoft.KeyVault/deletedVaults",
            "Microsoft.KeyVault/locations",
            "Microsoft.KeyVault/locations/deletedManagedHSMs",
            "Microsoft.KeyVault/locations/deletedVaults",
            "Microsoft.KeyVault/locations/deleteVirtualNetworkOrSubnets",
            "Microsoft.KeyVault/locations/managedHsmOperationResults",
            "Microsoft.KeyVault/locations/notifyNetworkSecurityPerimeterUpdatesAvailable",
            "Microsoft.KeyVault/locations/operationResults",
            "Microsoft.KeyVault/managedHSMs",
            "Microsoft.KeyVault/managedHSMs/keys",
            "Microsoft.KeyVault/managedHSMs/keys/versions",
            "Microsoft.KeyVault/operations",
            "Microsoft.KeyVault/vaults",
            "Microsoft.KeyVault/vaults/accessPolicies",
            "Microsoft.KeyVault/vaults/eventGridFilters",
            "Microsoft.KeyVault/vaults/keys",
            "Microsoft.KeyVault/vaults/keys/versions",
            "Microsoft.KeyVault/vaults/secrets",
            "Microsoft.Kusto/clusters",
            "Microsoft.Kusto/clusters/attacheddatabaseconfigurations",
            "Microsoft.Kusto/clusters/databases",
            "Microsoft.Kusto/clusters/databases/dataconnections",
            "Microsoft.Kusto/clusters/databases/eventhubconnections",
            "Microsoft.Kusto/clusters/databases/principalassignments",
            "Microsoft.Kusto/clusters/databases/scripts",
            "Microsoft.Kusto/clusters/managedPrivateEndpoints",
            "Microsoft.Kusto/clusters/principalassignments",
            "Microsoft.Kusto/clusters/sandboxCustomImages",
            "Microsoft.Kusto/locations",
            "Microsoft.Kusto/locations/checkNameAvailability",
            "Microsoft.Kusto/locations/operationResults",
            "Microsoft.Kusto/locations/skus",
            "Microsoft.Kusto/operations",
            "Microsoft.Maintenance/applyUpdates",
            "Microsoft.Maintenance/configurationAssignments",
            "Microsoft.Maintenance/maintenanceConfigurations",
            "Microsoft.Maintenance/operations",
            "Microsoft.Maintenance/publicMaintenanceConfigurations",
            "Microsoft.Maintenance/updates",
            "Microsoft.ManagedIdentity/Identities",
            "Microsoft.ManagedIdentity/operations",
            "Microsoft.ManagedIdentity/userAssignedIdentities",
            "Microsoft.ManagedIdentity/userAssignedIdentities/federatedIdentityCredentials",
            "Microsoft.Management/checkNameAvailability",
            "Microsoft.Management/getEntities",
            "Microsoft.Management/managementGroups",
            "Microsoft.Management/managementGroups/settings",
            "Microsoft.Management/operationResults",
            "Microsoft.Management/operationResults/asyncOperation",
            "Microsoft.Management/operations",
            "Microsoft.Management/resources",
            "Microsoft.Management/startTenantBackfill",
            "Microsoft.Management/tenantBackfillStatus",
            "Microsoft.MarketplaceOrdering/agreements",
            "Microsoft.MarketplaceOrdering/offertypes",
            "Microsoft.MarketplaceOrdering/operations",
            "Microsoft.Network/applicationGatewayAvailableRequestHeaders",
            "Microsoft.Network/applicationGatewayAvailableResponseHeaders",
            "Microsoft.Network/applicationGatewayAvailableServerVariables",
            "Microsoft.Network/applicationGatewayAvailableSslOptions",
            "Microsoft.Network/applicationGatewayAvailableWafRuleSets",
            "Microsoft.Network/applicationGateways",
            "Microsoft.Network/applicationGatewayWebApplicationFirewallPolicies",
            "Microsoft.Network/applicationSecurityGroups",
            "Microsoft.Network/azureFirewallFqdnTags",
            "Microsoft.Network/azureFirewalls",
            "Microsoft.Network/azureWebCategories",
            "Microsoft.Network/bastionHosts",
            "Microsoft.Network/bgpServiceCommunities",
            "Microsoft.Network/checkFrontdoorNameAvailability",
            "Microsoft.Network/checkTrafficManagerNameAvailability",
            "Microsoft.Network/checkTrafficManagerNameAvailabilityV2",
            "Microsoft.Network/cloudServiceSlots",
            "Microsoft.Network/connections",
            "Microsoft.Network/copilot",
            "Microsoft.Network/customIpPrefixes",
            "Microsoft.Network/ddosProtectionPlans",
            "Microsoft.Network/dnsForwardingRulesets",
            "Microsoft.Network/dnsForwardingRulesets/forwardingRules",
            "Microsoft.Network/dnsForwardingRulesets/virtualNetworkLinks",
            "Microsoft.Network/dnsOperationResults",
            "Microsoft.Network/dnsOperationStatuses",
            "Microsoft.Network/dnsResolvers",
            "Microsoft.Network/dnsResolvers/inboundEndpoints",
            "Microsoft.Network/dnsResolvers/outboundEndpoints",
            "Microsoft.Network/dnszones",
            "Microsoft.Network/dnszones/A",
            "Microsoft.Network/dnszones/AAAA",
            "Microsoft.Network/dnszones/all",
            "Microsoft.Network/dnszones/CAA",
            "Microsoft.Network/dnszones/CNAME",
            "Microsoft.Network/dnszones/dnssecConfigs",
            "Microsoft.Network/dnszones/DS",
            "Microsoft.Network/dnszones/MX",
            "Microsoft.Network/dnszones/NAPTR",
            "Microsoft.Network/dnszones/NS",
            "Microsoft.Network/dnszones/PTR",
            "Microsoft.Network/dnszones/recordsets",
            "Microsoft.Network/dnszones/SOA",
            "Microsoft.Network/dnszones/SRV",
            "Microsoft.Network/dnszones/TLSA",
            "Microsoft.Network/dnszones/TXT",
            "Microsoft.Network/dscpConfigurations",
            "Microsoft.Network/expressRouteCircuits",
            "Microsoft.Network/expressRouteGateways",
            "Microsoft.Network/expressRoutePorts",
            "Microsoft.Network/expressRoutePortsLocations",
            "Microsoft.Network/expressRouteProviderPorts",
            "Microsoft.Network/expressRouteServiceProviders",
            "Microsoft.Network/firewallPolicies",
            "Microsoft.Network/frontdoorOperationResults",
            "Microsoft.Network/frontdoors",
            "Microsoft.Network/frontdoors/frontendEndpoints",
            "Microsoft.Network/frontdoors/frontendEndpoints/customHttpsConfiguration",
            "Microsoft.Network/frontdoorWebApplicationFirewallManagedRuleSets",
            "Microsoft.Network/frontdoorWebApplicationFirewallPolicies",
            "Microsoft.Network/getDnsResourceReference",
            "Microsoft.Network/internalNotify",
            "Microsoft.Network/internalPublicIpAddresses",
            "Microsoft.Network/ipAllocations",
            "Microsoft.Network/ipGroups",
            "Microsoft.Network/loadBalancers",
            "Microsoft.Network/localNetworkGateways",
            "Microsoft.Network/locations",
            "Microsoft.Network/locations/ApplicationGatewayWafDynamicManifests",
            "Microsoft.Network/locations/autoApprovedPrivateLinkServices",
            "Microsoft.Network/locations/availableDelegations",
            "Microsoft.Network/locations/availablePrivateEndpointTypes",
            "Microsoft.Network/locations/availableServiceAliases",
            "Microsoft.Network/locations/bareMetalTenants",
            "Microsoft.Network/locations/batchNotifyPrivateEndpointsForResourceMove",
            "Microsoft.Network/locations/batchValidatePrivateEndpointsForResourceMove",
            "Microsoft.Network/locations/checkAcceleratedNetworkingSupport",
            "Microsoft.Network/locations/CheckDnsNameAvailability",
            "Microsoft.Network/locations/checkPrivateLinkServiceVisibility",
            "Microsoft.Network/locations/commitInternalAzureNetworkManagerConfiguration",
            "Microsoft.Network/locations/dataTasks",
            "Microsoft.Network/locations/deletePacketTagging",
            "Microsoft.Network/locations/dnsResolverOperationResults",
            "Microsoft.Network/locations/dnsResolverOperationStatuses",
            "Microsoft.Network/locations/dnsResolverPolicyOperationResults",
            "Microsoft.Network/locations/dnsResolverPolicyOperationStatuses",
            "Microsoft.Network/locations/effectiveResourceOwnership",
            "Microsoft.Network/locations/getAzureNetworkManagerConfiguration",
            "Microsoft.Network/locations/getPacketTagging",
            "Microsoft.Network/locations/hybridEdgeZone",
            "Microsoft.Network/locations/internalAzureVirtualNetworkManagerOperation",
            "Microsoft.Network/locations/nfvOperationResults",
            "Microsoft.Network/locations/nfvOperations",
            "Microsoft.Network/locations/operationResults",
            "Microsoft.Network/locations/operations",
            "Microsoft.Network/locations/perimeterAssociableResourceTypes",
            "Microsoft.Network/locations/privateLinkServices",
            "Microsoft.Network/locations/publishResources",
            "Microsoft.Network/locations/queryNetworkSecurityPerimeter",
            "Microsoft.Network/locations/rnmEffectiveNetworkSecurityGroups",
            "Microsoft.Network/locations/rnmEffectiveRouteTable",
            "Microsoft.Network/locations/serviceTagDetails",
            "Microsoft.Network/locations/serviceTags",
            "Microsoft.Network/locations/setAzureNetworkManagerConfiguration",
            "Microsoft.Network/locations/setLoadBalancerFrontendPublicIpAddresses",
            "Microsoft.Network/locations/setResourceOwnership",
            "Microsoft.Network/locations/startPacketTagging",
            "Microsoft.Network/locations/supportedVirtualMachineSizes",
            "Microsoft.Network/locations/usages",
            "Microsoft.Network/locations/validateResourceOwnership",
            "Microsoft.Network/locations/verifierWorkspaceOperationResults",
            "Microsoft.Network/locations/virtualNetworkAvailableEndpointServices",
            "Microsoft.Network/natGateways",
            "Microsoft.Network/networkExperimentProfiles",
            "Microsoft.Network/networkGroupMemberships",
            "Microsoft.Network/networkIntentPolicies",
            "Microsoft.Network/networkInterfaces",
            "Microsoft.Network/networkManagerConnections",
            "Microsoft.Network/networkManagers",
            "Microsoft.Network/networkManagers/verifierWorkspaces",
            "Microsoft.Network/networkProfiles",
            "Microsoft.Network/networkSecurityGroups",
            "Microsoft.Network/networkVirtualAppliances",
            "Microsoft.Network/networkVirtualApplianceSkus",
            "Microsoft.Network/networkWatchers",
            "Microsoft.Network/networkWatchers/connectionMonitors",
            "Microsoft.Network/networkWatchers/flowLogs",
            "Microsoft.Network/networkWatchers/pingMeshes",
            "Microsoft.Network/operations",
            "Microsoft.Network/p2sVpnGateways",
            "Microsoft.Network/privateDnsOperationResults",
            "Microsoft.Network/privateDnsOperationStatuses",
            "Microsoft.Network/privateDnsZones",
            "Microsoft.Network/privateDnsZones/A",
            "Microsoft.Network/privateDnsZones/AAAA",
            "Microsoft.Network/privateDnsZones/all",
            "Microsoft.Network/privateDnsZones/CNAME",
            "Microsoft.Network/privateDnsZones/MX",
            "Microsoft.Network/privateDnsZones/PTR",
            "Microsoft.Network/privateDnsZones/SOA",
            "Microsoft.Network/privateDnsZones/SRV",
            "Microsoft.Network/privateDnsZones/TXT",
            "Microsoft.Network/privateDnsZones/virtualNetworkLinks",
            "Microsoft.Network/privateDnsZonesInternal",
            "Microsoft.Network/privateEndpointRedirectMaps",
            "Microsoft.Network/privateEndpoints",
            "Microsoft.Network/privateEndpoints/privateLinkServiceProxies",
            "Microsoft.Network/privateLinkServices",
            "Microsoft.Network/publicIPAddresses",
            "Microsoft.Network/publicIPPrefixes",
            "Microsoft.Network/queryExpressRoutePortsBandwidth",
            "Microsoft.Network/routeFilters",
            "Microsoft.Network/routeTables",
            "Microsoft.Network/securityPartnerProviders",
            "Microsoft.Network/serviceEndpointPolicies",
            "Microsoft.Network/trafficManagerGeographicHierarchies",
            "Microsoft.Network/trafficmanagerprofiles",
            "Microsoft.Network/trafficmanagerprofiles/azureendpoints",
            "Microsoft.Network/trafficmanagerprofiles/externalendpoints",
            "Microsoft.Network/trafficmanagerprofiles/heatMaps",
            "Microsoft.Network/trafficmanagerprofiles/nestedendpoints",
            "Microsoft.Network/trafficManagerUserMetricsKeys",
            "Microsoft.Network/virtualHubs",
            "Microsoft.Network/virtualNetworkGateways",
            "Microsoft.Network/virtualNetworks",
            "Microsoft.Network/virtualNetworks/listDnsForwardingRulesets",
            "Microsoft.Network/virtualNetworks/listDnsResolvers",
            "Microsoft.Network/virtualNetworks/listNetworkManagerEffectiveConnectivityConfigurations",
            "Microsoft.Network/virtualNetworks/listNetworkManagerEffectiveSecurityAdminRules",
            "Microsoft.Network/virtualNetworks/privateDnsZoneLinks",
            "Microsoft.Network/virtualNetworks/taggedTrafficConsumers",
            "Microsoft.Network/virtualNetworkTaps",
            "Microsoft.Network/virtualRouters",
            "Microsoft.Network/virtualWans",
            "Microsoft.Network/vpnGateways",
            "Microsoft.Network/vpnServerConfigurations",
            "Microsoft.Network/vpnSites",
            "Microsoft.OperationalInsights/clusters",
            "Microsoft.OperationalInsights/deletedWorkspaces",
            "Microsoft.OperationalInsights/linkTargets",
            "Microsoft.OperationalInsights/locations",
            "Microsoft.OperationalInsights/locations/notifyNetworkSecurityPerimeterUpdatesAvailable",
            "Microsoft.OperationalInsights/locations/operationStatuses",
            "Microsoft.OperationalInsights/locations/workspaces",
            "Microsoft.OperationalInsights/operations",
            "Microsoft.OperationalInsights/querypacks",
            "Microsoft.OperationalInsights/storageInsightConfigs",
            "Microsoft.OperationalInsights/workspaces",
            "Microsoft.OperationalInsights/workspaces/api",
            "Microsoft.OperationalInsights/workspaces/dataExports",
            "Microsoft.OperationalInsights/workspaces/dataSources",
            "Microsoft.OperationalInsights/workspaces/linkedServices",
            "Microsoft.OperationalInsights/workspaces/linkedStorageAccounts",
            "Microsoft.OperationalInsights/workspaces/metadata",
            "Microsoft.OperationalInsights/workspaces/networkSecurityPerimeterAssociationProxies",
            "Microsoft.OperationalInsights/workspaces/networkSecurityPerimeterConfigurations",
            "Microsoft.OperationalInsights/workspaces/operations",
            "Microsoft.OperationalInsights/workspaces/purge",
            "Microsoft.OperationalInsights/workspaces/query",
            "Microsoft.OperationalInsights/workspaces/scopedPrivateLinkProxies",
            "Microsoft.OperationalInsights/workspaces/storageInsightConfigs",
            "Microsoft.OperationalInsights/workspaces/summaryLogs",
            "Microsoft.OperationalInsights/workspaces/tables",
            "Microsoft.PolicyInsights/asyncOperationResults",
            "Microsoft.PolicyInsights/attestations",
            "Microsoft.PolicyInsights/checkPolicyRestrictions",
            "Microsoft.PolicyInsights/componentPolicyStates",
            "Microsoft.PolicyInsights/eventGridFilters",
            "Microsoft.PolicyInsights/operations",
            "Microsoft.PolicyInsights/policyEvents",
            "Microsoft.PolicyInsights/policyMetadata",
            "Microsoft.PolicyInsights/policyStates",
            "Microsoft.PolicyInsights/policyTrackedResources",
            "Microsoft.PolicyInsights/remediations",
            "Microsoft.Portal/consoles",
            "Microsoft.Portal/dashboards",
            "Microsoft.Portal/listTenantConfigurationViolations",
            "Microsoft.Portal/locations",
            "Microsoft.Portal/locations/consoles",
            "Microsoft.Portal/locations/userSettings",
            "Microsoft.Portal/operations",
            "Microsoft.Portal/tenantconfigurations",
            "Microsoft.Portal/userSettings",
            "Microsoft.ResourceGraph/generateQuery",
            "Microsoft.ResourceGraph/operations",
            "Microsoft.ResourceGraph/queries",
            "Microsoft.ResourceGraph/resourceChangeDetails",
            "Microsoft.ResourceGraph/resourceChanges",
            "Microsoft.ResourceGraph/resources",
            "Microsoft.ResourceGraph/resourcesHistory",
            "Microsoft.ResourceGraph/subscriptionsStatus",
            "Microsoft.ResourceNotifications/eventGridFilters",
            "Microsoft.ResourceNotifications/operations",
            "Microsoft.Resources/builtInTemplateSpecs",
            "Microsoft.Resources/builtInTemplateSpecs/versions",
            "Microsoft.Resources/bulkDelete",
            "Microsoft.Resources/calculateTemplateHash",
            "Microsoft.Resources/changes",
            "Microsoft.Resources/checkPolicyCompliance",
            "Microsoft.Resources/checkresourcename",
            "Microsoft.Resources/dataBoundaries",
            "Microsoft.Resources/decompileBicep",
            "Microsoft.Resources/deployments",
            "Microsoft.Resources/deployments/operations",
            "Microsoft.Resources/deploymentScripts",
            "Microsoft.Resources/deploymentScripts/logs",
            "Microsoft.Resources/deploymentStacks",
            "Microsoft.Resources/links",
            "Microsoft.Resources/locations",
            "Microsoft.Resources/locations/deploymentScriptOperationResults",
            "Microsoft.Resources/locations/deploymentStackOperationResults",
            "Microsoft.Resources/locations/deploymentStackOperationStatus",
            "Microsoft.Resources/locations/moboOperationStatuses",
            "Microsoft.Resources/moboBrokers",
            "Microsoft.Resources/notifyResourceJobs",
            "Microsoft.Resources/operationresults",
            "Microsoft.Resources/operations",
            "Microsoft.Resources/providers",
            "Microsoft.Resources/resourceGroups",
            "Microsoft.Resources/resources",
            "Microsoft.Resources/snapshots",
            "Microsoft.Resources/subscriptions",
            "Microsoft.Resources/subscriptions/locations",
            "Microsoft.Resources/subscriptions/operationresults",
            "Microsoft.Resources/subscriptions/providers",
            "Microsoft.Resources/subscriptions/resourceGroups",
            "Microsoft.Resources/subscriptions/resourcegroups/resources",
            "Microsoft.Resources/subscriptions/resources",
            "Microsoft.Resources/subscriptions/tagnames",
            "Microsoft.Resources/subscriptions/tagNames/tagValues",
            "Microsoft.Resources/tags",
            "Microsoft.Resources/templateSpecs",
            "Microsoft.Resources/templateSpecs/versions",
            "Microsoft.Resources/tenants",
            "Microsoft.Resources/validateResources",
            "Microsoft.Security/adaptiveNetworkHardenings",
            "Microsoft.Security/advancedThreatProtectionSettings",
            "Microsoft.Security/aggregations",
            "Microsoft.Security/alerts",
            "Microsoft.Security/alertsSuppressionRules",
            "Microsoft.Security/allowedConnections",
            "Microsoft.Security/apiCollections",
            "Microsoft.Security/applications",
            "Microsoft.Security/applicationWhitelistings",
            "Microsoft.Security/assessmentMetadata",
            "Microsoft.Security/assessments",
            "Microsoft.Security/assessments/governanceAssignments",
            "Microsoft.Security/assignments",
            "Microsoft.Security/autoDismissAlertsRules",
            "Microsoft.Security/automations",
            "Microsoft.Security/AutoProvisioningSettings",
            "Microsoft.Security/complianceResults",
            "Microsoft.Security/Compliances",
            "Microsoft.Security/connectors",
            "Microsoft.Security/customAssessmentAutomations",
            "Microsoft.Security/customRecommendations",
            "Microsoft.Security/dataCollectionAgents",
            "Microsoft.Security/dataScanners",
            "Microsoft.Security/defenderForStorageSettings",
            "Microsoft.Security/deviceSecurityGroups",
            "Microsoft.Security/discoveredSecuritySolutions",
            "Microsoft.Security/externalSecuritySolutions",
            "Microsoft.Security/governanceRules",
            "Microsoft.Security/healthReports",
            "Microsoft.Security/InformationProtectionPolicies",
            "Microsoft.Security/integrations",
            "Microsoft.Security/iotSecuritySolutions",
            "Microsoft.Security/iotSecuritySolutions/analyticsModels",
            "Microsoft.Security/iotSecuritySolutions/analyticsModels/aggregatedAlerts",
            "Microsoft.Security/iotSecuritySolutions/analyticsModels/aggregatedRecommendations",
            "Microsoft.Security/iotSecuritySolutions/iotAlerts",
            "Microsoft.Security/iotSecuritySolutions/iotAlertTypes",
            "Microsoft.Security/iotSecuritySolutions/iotRecommendations",
            "Microsoft.Security/iotSecuritySolutions/iotRecommendationTypes",
            "Microsoft.Security/jitNetworkAccessPolicies",
            "Microsoft.Security/jitPolicies",
            "Microsoft.Security/locations",
            "Microsoft.Security/locations/alerts",
            "Microsoft.Security/locations/allowedConnections",
            "Microsoft.Security/locations/applicationWhitelistings",
            "Microsoft.Security/locations/discoveredSecuritySolutions",
            "Microsoft.Security/locations/externalSecuritySolutions",
            "Microsoft.Security/locations/jitNetworkAccessPolicies",
            "Microsoft.Security/locations/securitySolutions",
            "Microsoft.Security/locations/securitySolutionsReferenceData",
            "Microsoft.Security/locations/tasks",
            "Microsoft.Security/locations/topologies",
            "Microsoft.Security/MdeOnboardings",
            "Microsoft.Security/operations",
            "Microsoft.Security/policies",
            "Microsoft.Security/pricings",
            "Microsoft.Security/pricings/securityOperators",
            "Microsoft.Security/query",
            "Microsoft.Security/regulatoryComplianceStandards",
            "Microsoft.Security/regulatoryComplianceStandards/regulatoryComplianceControls",
            "Microsoft.Security/regulatoryComplianceStandards/regulatoryComplianceControls/regulatoryComplianceAssessments",
            "Microsoft.Security/secureScoreControlDefinitions",
            "Microsoft.Security/secureScoreControls",
            "Microsoft.Security/secureScores",
            "Microsoft.Security/secureScores/secureScoreControls",
            "Microsoft.Security/securityConnectors",
            "Microsoft.Security/securityConnectors/devops",
            "Microsoft.Security/securityContacts",
            "Microsoft.Security/securitySolutions",
            "Microsoft.Security/securitySolutionsReferenceData",
            "Microsoft.Security/securityStandards",
            "Microsoft.Security/securityStatuses",
            "Microsoft.Security/securityStatusesSummaries",
            "Microsoft.Security/sensitivitySettings",
            "Microsoft.Security/serverVulnerabilityAssessments",
            "Microsoft.Security/serverVulnerabilityAssessmentsSettings",
            "Microsoft.Security/settings",
            "Microsoft.Security/sqlVulnerabilityAssessments",
            "Microsoft.Security/standardAssignments",
            "Microsoft.Security/standards",
            "Microsoft.Security/subAssessments",
            "Microsoft.Security/tasks",
            "Microsoft.Security/topologies",
            "Microsoft.Security/trustedIps",
            "Microsoft.Security/vmScanners",
            "Microsoft.Security/workspaceSettings",
            "Microsoft.SerialConsole/consoleServices",
            "Microsoft.SerialConsole/locations",
            "Microsoft.SerialConsole/locations/consoleServices",
            "Microsoft.SerialConsole/operations",
            "Microsoft.SerialConsole/serialPorts",
            "Microsoft.Storage/checkNameAvailability",
            "Microsoft.Storage/deletedAccounts",
            "Microsoft.Storage/locations",
            "Microsoft.Storage/locations/asyncoperations",
            "Microsoft.Storage/locations/checkNameAvailability",
            "Microsoft.Storage/locations/deletedAccounts",
            "Microsoft.Storage/locations/deleteVirtualNetworkOrSubnets",
            "Microsoft.Storage/locations/notifyNetworkSecurityPerimeterUpdatesAvailable",
            "Microsoft.Storage/locations/usages",
            "Microsoft.Storage/operations",
            "Microsoft.Storage/storageAccounts",
            "Microsoft.Storage/storageAccounts/blobServices",
            "Microsoft.Storage/storageAccounts/encryptionScopes",
            "Microsoft.Storage/storageAccounts/fileServices",
            "Microsoft.Storage/storageAccounts/listAccountSas",
            "Microsoft.Storage/storageAccounts/listServiceSas",
            "Microsoft.Storage/storageAccounts/queueServices",
            "Microsoft.Storage/storageAccounts/services",
            "Microsoft.Storage/storageAccounts/services/metricDefinitions",
            "Microsoft.Storage/storageAccounts/storageTaskAssignments",
            "Microsoft.Storage/storageAccounts/tableServices",
            "Microsoft.Storage/storageTasks",
            "Microsoft.Storage/usages",
            "microsoft.support/checkNameAvailability",
            "microsoft.support/classifyServices",
            "microsoft.support/fileWorkspaces",
            "microsoft.support/fileWorkspaces/files",
            "microsoft.support/lookUpResourceId",
            "microsoft.support/operationresults",
            "microsoft.support/operations",
            "microsoft.support/operationsstatus",
            "microsoft.support/services",
            "microsoft.support/services/problemclassifications",
            "microsoft.support/supporttickets",
            "microsoft.support/supporttickets/communications",
            "Microsoft.VirtualMachineImages/imageTemplates",
            "Microsoft.VirtualMachineImages/imageTemplates/runOutputs",
            "Microsoft.VirtualMachineImages/imageTemplates/triggers",
            "Microsoft.VirtualMachineImages/locations",
            "Microsoft.VirtualMachineImages/locations/operations",
            "Microsoft.VirtualMachineImages/operations",
            "Microsoft.Web/aseregions",
            "Microsoft.Web/availableStacks",
            "Microsoft.Web/billingMeters",
            "Microsoft.Web/certificates",
            "Microsoft.Web/checkNameAvailability",
            "Microsoft.Web/connectionGateways",
            "Microsoft.Web/connections",
            "Microsoft.Web/containerApps",
            "Microsoft.Web/customApis",
            "Microsoft.Web/customhostnameSites",
            "Microsoft.Web/deletedSites",
            "Microsoft.Web/deploymentLocations",
            "Microsoft.Web/functionAppStacks",
            "Microsoft.Web/generateGithubAccessTokenForAppserviceCLI",
            "Microsoft.Web/georegions",
            "Microsoft.Web/hostingEnvironments",
            "Microsoft.Web/hostingEnvironments/eventGridFilters",
            "Microsoft.Web/hostingEnvironments/multiRolePools",
            "Microsoft.Web/hostingEnvironments/workerPools",
            "Microsoft.Web/ishostingenvironmentnameavailable",
            "Microsoft.Web/ishostnameavailable",
            "Microsoft.Web/isusernameavailable",
            "Microsoft.Web/kubeEnvironments",
            "Microsoft.Web/listSitesAssignedToHostName",
            "Microsoft.Web/locations",
            "Microsoft.Web/locations/apiOperations",
            "Microsoft.Web/locations/checkNameAvailability",
            "Microsoft.Web/locations/connectionGatewayInstallations",
            "Microsoft.Web/locations/deletedSites",
            "Microsoft.Web/locations/deleteVirtualNetworkOrSubnets",
            "Microsoft.Web/locations/extractApiDefinitionFromWsdl",
            "Microsoft.Web/locations/functionAppStacks",
            "Microsoft.Web/locations/getNetworkPolicies",
            "Microsoft.Web/locations/listWsdlInterfaces",
            "Microsoft.Web/locations/managedApis",
            "Microsoft.Web/locations/notifyNetworkSecurityPerimeterUpdatesAvailable",
            "Microsoft.Web/locations/operationResults",
            "Microsoft.Web/locations/operations",
            "Microsoft.Web/locations/previewStaticSiteWorkflowFile",
            "Microsoft.Web/locations/runtimes",
            "Microsoft.Web/locations/usages",
            "Microsoft.Web/locations/validateDeleteVirtualNetworkOrSubnets",
            "Microsoft.Web/locations/webAppStacks",
            "Microsoft.Web/operations",
            "Microsoft.Web/publishingUsers",
            "Microsoft.Web/recommendations",
            "Microsoft.Web/resourceHealthMetadata",
            "Microsoft.Web/runtimes",
            "Microsoft.Web/serverFarms",
            "Microsoft.Web/serverFarms/eventGridFilters",
            "Microsoft.Web/serverFarms/firstPartyApps",
            "Microsoft.Web/serverFarms/firstPartyApps/keyVaultSettings",
            "Microsoft.Web/sites",
            "Microsoft.Web/sites/eventGridFilters",
            "Microsoft.Web/sites/hostNameBindings",
            "Microsoft.Web/sites/networkConfig",
            "Microsoft.Web/sites/premieraddons",
            "Microsoft.Web/sites/slots",
            "Microsoft.Web/sites/slots/eventGridFilters",
            "Microsoft.Web/sites/slots/hostNameBindings",
            "Microsoft.Web/sites/slots/networkConfig",
            "Microsoft.Web/sourceControls",
            "Microsoft.Web/staticSites",
            "Microsoft.Web/staticSites/builds",
            "Microsoft.Web/staticSites/builds/databaseConnections",
            "Microsoft.Web/staticSites/builds/linkedBackends",
            "Microsoft.Web/staticSites/builds/userProvidedFunctionApps",
            "Microsoft.Web/staticSites/databaseConnections",
            "Microsoft.Web/staticSites/linkedBackends",
            "Microsoft.Web/staticSites/userProvidedFunctionApps",
            "Microsoft.Web/validate",
            "Microsoft.Web/verifyHostingEnvironmentVnet",
            "Microsoft.Web/webAppStacks"
          ]
        }
      },
      "policyDefinitionId": "/providers/Microsoft.Authorization/policyDefinitions/a08ec900-254a-4555-9bf5-e42af04b5c5c",
      "policyDefinitionReferenceId": "Allowed resource types"
    },
    {
      "parameters": {
        "listOfResourceTypesNotAllowed": {
          "value": [
            "Microsoft.KeyVault/managedHSMs"
          ]
        }
      },
      "policyDefinitionId": "/providers/Microsoft.Authorization/policyDefinitions/6c112d4e-5bc7-47ae-a041-ea2d9dccd749",
      "policyDefinitionReferenceId": "Not Allowed Resource Types - Key Vault"
    }
  ],
  "policyDefinitionGroups": []
}
