{
  "type": "Microsoft.Authorization/policySetDefinitions",
  "name": "AppServiceBaseline",
  "description": "description",
  "displayName": "[Incubation Governance] AppService",
  "metadata": {
    "category": "Incubation Governance",
    "targetService": "AppService"
  },
  "parameters": {},
  "policyDefinitions": [
    {
      "parameters": {
        "effect": {
          "value": "UPDATE_BEFORE_COMMIT Default: Audit,Allowed: Audit/Disabled/Deny,Description: Enable or disable the execution of the policy"
        }
      },
      "policyDefinitionId": "/providers/Microsoft.Authorization/policyDefinitions/11c82d0c-db9f-4d7b-97c5-f3f9aa957da2",
      "groupNames": [
        "[Incubation Governance] Restrict Network Access"
      ],
      "policyDefinitionReferenceId": "Function app slots should disable public network access"
    },
    {
      "parameters": {
        "effect": {
          "value": "UPDATE_BEFORE_COMMIT Default: Audit,Allowed: Audit/Disabled/Deny,Description: Enable or disable the execution of the policy"
        }
      },
      "policyDefinitionId": "/providers/Microsoft.Authorization/policyDefinitions/1b5ef780-c53c-4a64-87f3-bb9c8c8094ba",
      "groupNames": [
        "[Incubation Governance] Restrict Network Access"
      ],
      "policyDefinitionReferenceId": "App Service apps should disable public network access"
    },
    {
      "parameters": {
        "effect": {
          "value": "UPDATE_BEFORE_COMMIT Default: Modify,Allowed: Modify/Disabled,Description: Enable or disable the execution of the policy"
        }
      },
      "policyDefinitionId": "/providers/Microsoft.Authorization/policyDefinitions/2374605e-3e0b-492b-9046-229af202562c",
      "groupNames": [
        "[Incubation Governance] Restrict Network Access"
      ],
      "policyDefinitionReferenceId": "Configure App Service apps to disable public network access"
    },
    {
      "parameters": {
        "effect": {
          "value": "UPDATE_BEFORE_COMMIT Default: Modify,Allowed: Modify/Disabled,Description: Enable or disable the execution of the policy"
        }
      },
      "policyDefinitionId": "/providers/Microsoft.Authorization/policyDefinitions/242222f3-4985-4e99-b5ef-086d6a6cb01c",
      "groupNames": [
        "[Incubation Governance] Restrict Network Access"
      ],
      "policyDefinitionReferenceId": "Configure Function app slots to disable public network access"
    },
    {
      "parameters": {
        "effect": {
          "value": "UPDATE_BEFORE_COMMIT Default: AuditIfNotExists,Allowed: AuditIfNotExists/Disabled,Description: Enable or disable the execution of the policy"
        }
      },
      "policyDefinitionId": "/providers/Microsoft.Authorization/policyDefinitions/2913021d-f2fd-4f3d-b958-22354e2bdbcb",
      "groupNames": [
        "[Incubation Governance] Security Posture Management"
      ],
      "policyDefinitionReferenceId": "Azure Defender for App Service should be enabled"
    },
    {
      "parameters": {
        "effect": {
          "value": "UPDATE_BEFORE_COMMIT Default: Audit,Allowed: Audit/Deny/Disabled,Description: Enable or disable the execution of the policy"
        }
      },
      "policyDefinitionId": "/providers/Microsoft.Authorization/policyDefinitions/2d048aca-6479-4923-88f5-e2ac295d9af3",
      "groupNames": [
        "[Incubation Governance] Restrict Network Access"
      ],
      "policyDefinitionReferenceId": "App Service Environment apps should not be reachable over public internet"
    },
    {
      "parameters": {
        "diagnosticSettingName": {
          "value": "UPDATE_BEFORE_COMMIT Default: setByPolicy-LogAnalytics,(Allowed: NoValuesDetected),Description: Diagnostic Setting Name"
        },
        "resourceLocationList": {
          "value": "UPDATE_BEFORE_COMMIT Default: *,(Allowed: NoValuesDetected),Description: Resource Location List to send logs to nearby Log Analytics. A single entry \"*\" selects all locations (default)."
        },
        "logAnalytics": {
          "value": "UPDATE_BEFORE_COMMIT Default: NoDefault,(Allowed: NoValuesDetected),Description: Log Analytics Workspace"
        },
        "categoryGroup": {
          "value": "UPDATE_BEFORE_COMMIT Default: audit,Allowed: audit/allLogs,Description: Diagnostic category group - none, audit, or allLogs."
        },
        "effect": {
          "value": "UPDATE_BEFORE_COMMIT Default: DeployIfNotExists,Allowed: DeployIfNotExists/AuditIfNotExists/Disabled,Description: Enable or disable the execution of the policy"
        }
      },
      "policyDefinitionId": "/providers/Microsoft.Authorization/policyDefinitions/2fbd2ca9-e7b2-47a0-a8b2-575f3f7607d4",
      "groupNames": [
        "[Incubation Governance] Monitoring",
        "[Incubation Governance] Restrict Network Access"
      ],
      "policyDefinitionReferenceId": "Enable logging by category group for microsoft.cdn/cdnwebapplicationfirewallpolicies to Log Analytics"
    },
    {
      "parameters": {
        "effect": {
          "value": "UPDATE_BEFORE_COMMIT Default: Audit,Allowed: Audit/Deny/Disabled,Description: Enable or disable the execution of the policy"
        }
      },
      "policyDefinitionId": "/providers/Microsoft.Authorization/policyDefinitions/546fe8d2-368d-4029-a418-6af48a7f61e5",
      "groupNames": [
        "[Incubation Governance] Restrict Network Access"
      ],
      "policyDefinitionReferenceId": "App Service apps should use a SKU that supports private link"
    },
    {
      "parameters": {
        "effect": {
          "value": "UPDATE_BEFORE_COMMIT Default: AuditIfNotExists,Allowed: AuditIfNotExists/Disabled,Description: Enable or disable the execution of the policy"
        }
      },
      "policyDefinitionId": "/providers/Microsoft.Authorization/policyDefinitions/687aa49d-0982-40f8-bf6b-66d1da97a04b",
      "groupNames": [
        "[Incubation Governance] Restrict Network Access"
      ],
      "policyDefinitionReferenceId": "App Service apps should use private link"
    },
    {
      "parameters": {
        "effect": {
          "value": "UPDATE_BEFORE_COMMIT Default: Audit,Allowed: Audit/Disabled/Deny,Description: Enable or disable the execution of the policy"
        }
      },
      "policyDefinitionId": "/providers/Microsoft.Authorization/policyDefinitions/701a595d-38fb-4a66-ae6d-fb3735217622",
      "groupNames": [
        "[Incubation Governance] Restrict Network Access"
      ],
      "policyDefinitionReferenceId": "App Service app slots should disable public network access"
    },
    {
      "parameters": {
        "effect": {
          "value": "UPDATE_BEFORE_COMMIT Default: AuditIfNotExists,Allowed: AuditIfNotExists/Disabled,Description: Enable or disable the execution of the policy"
        },
        "requiredRetentionDays": {
          "value": "UPDATE_BEFORE_COMMIT Default: 365,(Allowed: NoValuesDetected),Description: The required resource logs retention in days"
        }
      },
      "policyDefinitionId": "/providers/Microsoft.Authorization/policyDefinitions/91a78b24-f231-4a8a-8da9-02c35b2b6510",
      "groupNames": [
        "[Incubation Governance] Monitoring"
      ],
      "policyDefinitionReferenceId": "App Service apps should have resource logs enabled"
    },
    {
      "parameters": {
        "effect": {
          "value": "UPDATE_BEFORE_COMMIT Default: Audit,Allowed: Audit/Disabled/Deny,Description: Enable or disable the execution of the policy"
        }
      },
      "policyDefinitionId": "/providers/Microsoft.Authorization/policyDefinitions/969ac98b-88a8-449f-883c-2e9adb123127",
      "groupNames": [
        "[Incubation Governance] Restrict Network Access"
      ],
      "policyDefinitionReferenceId": "Function apps should disable public network access"
    },
    {
      "parameters": {
        "diagnosticSettingName": {
          "value": "UPDATE_BEFORE_COMMIT Default: setByPolicy-LogAnalytics,(Allowed: NoValuesDetected),Description: Diagnostic Setting Name"
        },
        "resourceLocationList": {
          "value": "UPDATE_BEFORE_COMMIT Default: *,(Allowed: NoValuesDetected),Description: Resource Location List to send logs to nearby Log Analytics. A single entry \"*\" selects all locations (default)."
        },
        "logAnalytics": {
          "value": "UPDATE_BEFORE_COMMIT Default: NoDefault,(Allowed: NoValuesDetected),Description: Log Analytics Workspace"
        },
        "categoryGroup": {
          "value": "UPDATE_BEFORE_COMMIT Default: audit,Allowed: audit/allLogs,Description: Diagnostic category group - none, audit, or allLogs."
        },
        "effect": {
          "value": "UPDATE_BEFORE_COMMIT Default: DeployIfNotExists,Allowed: DeployIfNotExists/AuditIfNotExists/Disabled,Description: Enable or disable the execution of the policy"
        }
      },
      "policyDefinitionId": "/providers/Microsoft.Authorization/policyDefinitions/9dc3e252-1cff-4ae5-bcad-5a92b7167d43",
      "groupNames": [
        "[Incubation Governance] Monitoring"
      ],
      "policyDefinitionReferenceId": "Enable logging by category group for App Service Environments (microsoft.web/hostingenvironments) to Log Analytics"
    },
    {
      "parameters": {
        "effect": {
          "value": "UPDATE_BEFORE_COMMIT Default: DeployIfNotExists,Allowed: DeployIfNotExists/Disabled,Description: Enable or disable the execution of the policy"
        },
        "privateDnsZoneId": {
          "value": "UPDATE_BEFORE_COMMIT Default: NoDefault,(Allowed: NoValuesDetected),Description: The private DNS zone to deploy in a new private DNS zone group and link to the private endpoint"
        }
      },
      "policyDefinitionId": "/providers/Microsoft.Authorization/policyDefinitions/b318f84a-b872-429b-ac6d-a01b96814452",
      "groupNames": [
        "[Incubation Governance] Restrict Network Access"
      ],
      "policyDefinitionReferenceId": "Configure App Service apps to use private DNS zones"
    },
    {
      "parameters": {
        "effect": {
          "value": "UPDATE_BEFORE_COMMIT Default: DeployIfNotExists,Allowed: DeployIfNotExists/Disabled,Description: Enable or disable the execution of the policy"
        }
      },
      "policyDefinitionId": "/providers/Microsoft.Authorization/policyDefinitions/b40e7bcd-a1e5-47fe-b9cf-2f534d0bfb7d",
      "groupNames": [
        "[Incubation Governance] Security Posture Management"
      ],
      "policyDefinitionReferenceId": "Configure Azure Defender for App Service to be enabled"
    },
    {
      "parameters": {
        "diagnosticSettingName": {
          "value": "UPDATE_BEFORE_COMMIT Default: setByPolicy-LogAnalytics,(Allowed: NoValuesDetected),Description: Diagnostic Setting Name"
        },
        "resourceLocationList": {
          "value": "UPDATE_BEFORE_COMMIT Default: *,(Allowed: NoValuesDetected),Description: Resource Location List to send logs to nearby Log Analytics. A single entry \"*\" selects all locations (default)."
        },
        "logAnalytics": {
          "value": "UPDATE_BEFORE_COMMIT Default: NoDefault,(Allowed: NoValuesDetected),Description: Log Analytics Workspace"
        },
        "effect": {
          "value": "UPDATE_BEFORE_COMMIT Default: DeployIfNotExists,Allowed: DeployIfNotExists/AuditIfNotExists/Disabled,Description: Enable or disable the execution of the policy"
        }
      },
      "policyDefinitionId": "/providers/Microsoft.Authorization/policyDefinitions/c0d8e23a-47be-4032-961f-8b0ff3957061",
      "groupNames": [
        "[Incubation Governance] Monitoring"
      ],
      "policyDefinitionReferenceId": "Enable logging by category group for App Service (microsoft.web/sites) to Log Analytics"
    },
    {
      "parameters": {
        "effect": {
          "value": "UPDATE_BEFORE_COMMIT Default: Modify,Allowed: Modify/Disabled,Description: Enable or disable the execution of the policy"
        }
      },
      "policyDefinitionId": "/providers/Microsoft.Authorization/policyDefinitions/c6c3e00e-d414-4ca4-914f-406699bb8eee",
      "groupNames": [
        "[Incubation Governance] Restrict Network Access"
      ],
      "policyDefinitionReferenceId": "Configure App Service app slots to disable public network access"
    },
    {
      "parameters": {
        "effect": {
          "value": "UPDATE_BEFORE_COMMIT Default: Modify,Allowed: Modify/Disabled,Description: Enable or disable the execution of the policy"
        }
      },
      "policyDefinitionId": "/providers/Microsoft.Authorization/policyDefinitions/cd794351-e536-40f4-9750-503a463d8cad",
      "groupNames": [
        "[Incubation Governance] Restrict Network Access"
      ],
      "policyDefinitionReferenceId": "Configure Function apps to disable public network access"
    },
    {
      "parameters": {
        "effect": {
          "value": "UPDATE_BEFORE_COMMIT Default: AuditIfNotExists,Allowed: AuditIfNotExists/Disabled,Description: Enable or disable the execution of the policy"
        },
        "requiredRetentionDays": {
          "value": "UPDATE_BEFORE_COMMIT Default: 365,(Allowed: NoValuesDetected),Description: The required resource logs retention in days"
        }
      },
      "policyDefinitionId": "/providers/Microsoft.Authorization/policyDefinitions/d639b3af-a535-4bef-8dcf-15078cddf5e2",
      "groupNames": [
        "[Incubation Governance] Monitoring"
      ],
      "policyDefinitionReferenceId": "App Service app slots should have resource logs enabled"
    },
    {
      "parameters": {
        "diagnosticSettingName": {
          "value": "UPDATE_BEFORE_COMMIT Default: setByPolicy-LogAnalytics,(Allowed: NoValuesDetected),Description: Diagnostic Setting Name"
        },
        "resourceLocationList": {
          "value": "UPDATE_BEFORE_COMMIT Default: *,(Allowed: NoValuesDetected),Description: Resource Location List to send logs to nearby Log Analytics. A single entry \"*\" selects all locations (default)."
        },
        "logAnalytics": {
          "value": "UPDATE_BEFORE_COMMIT Default: NoDefault,(Allowed: NoValuesDetected),Description: Log Analytics Workspace"
        },
        "effect": {
          "value": "UPDATE_BEFORE_COMMIT Default: DeployIfNotExists,Allowed: DeployIfNotExists/AuditIfNotExists/Disabled,Description: Enable or disable the execution of the policy"
        }
      },
      "policyDefinitionId": "/providers/Microsoft.Authorization/policyDefinitions/e9c22e0d-1f03-44da-a9d5-a9754ea53dc4",
      "groupNames": [
        "[Incubation Governance] Monitoring"
      ],
      "policyDefinitionReferenceId": "Enable logging by category group for Function App (microsoft.web/sites) to Log Analytics"
    }
  ],
  "policyDefinitionGroups": [
    "[Incubation Governance] Security Posture Management",
    "[Incubation Governance] Monitoring",
    "[Incubation Governance] Patching and Updates",
    "[Incubation Governance] Encryption",
    "[Incubation Governance] Access Control",
    "[Incubation Governance] Restrict Network Access"
  ]
}
