{
  "type": "Microsoft.Authorization/policySetDefinitions",
  "name": "ComputeBaseline",
  "description": "description",
  "displayName": "[Incubation Governance] Compute",
  "metadata": {
    "targetService": "Compute",
    "category": "Incubation Governance"
  },
  "parameters": {
    "maintenanceConfigurationResourceId": {
      "type": "String",
      "metadata": {
        "displayName": "Maintenance Configuration Resource ID for vm patching - eg /subscriptions/64be943d-edb3-43d4-9f1e-e9410a5dcab0/resourcegroups/rg-update-manager/providers/microsoft.maintenance/maintenanceconfigurations/aum-platform-config-collab"
      }
    }
  },
  "policyDefinitions": [
    {
      "parameters": {
        "effect": {
          "value": "DeployIfNotExists"
        }
      },
      "groupNames": [
        "[Incubation Governance] Security Posture Management"
      ],
      "policyDefinitionId": "/providers/Microsoft.Authorization/policyDefinitions/1b8c0040-b224-4ea1-be6a-47254dd5a207",
      "policyDefinitionReferenceId": "Configure Azure Defender for Servers to be enabled (with 'P1' subplan) for all resources (resource level)"
    },
    {
      "parameters": {
        "ImageIdsToExclude": {
          "value": []
        },
        "effect": {
          "value": "DeployIfNotExists"
        },
        "PublishersToExclude": {
          "value": []
        }
      },
      "groupNames": [
        "[Incubation Governance] Security Posture Management"
      ],
      "policyDefinitionId": "/providers/Microsoft.Authorization/policyDefinitions/1ec9c2c2-6d64-656d-6465-3ec3309b8579",
      "policyDefinitionReferenceId": "[Preview]: Deploy Microsoft Defender for Endpoint agent on Windows virtual machines"
    },
    {
      "parameters": {
        "effect": {
          "value": "Deny"
        }
      },
      "groupNames": [
        "[Incubation Governance] Restrict Network Access"
      ],
      "policyDefinitionId": "/providers/Microsoft.Authorization/policyDefinitions/2154edb9-244f-4741-9970-660785bccdaa",
      "policyDefinitionReferenceId": "VM Image Builder templates should use private link"
    },
    {
      "parameters": {},
      "groupNames": [
        "[Incubation Governance] Security Posture Management"
      ],
      "policyDefinitionId": "/providers/Microsoft.Authorization/policyDefinitions/2835b622-407b-4114-9198-6f7064cbe0dc",
      "policyDefinitionReferenceId": "Deploy default Microsoft IaaSAntimalware extension for Windows Server"
    },
    {
      "parameters": {},
      "groupNames": [
        "[Incubation Governance] Patching and Updates"
      ],
      "policyDefinitionId": "/providers/Microsoft.Authorization/policyDefinitions/465f0161-0087-490a-9ad9-ad6217f4f43a",
      "policyDefinitionReferenceId": "Require automatic OS image patching on Virtual Machine Scale Sets"
    },
    {
      "parameters": {
        "effect": {
          "value": "DeployIfNotExists"
        }
      },
      "groupNames": [
        "[Incubation Governance] Security Posture Management"
      ],
      "policyDefinitionId": "/providers/Microsoft.Authorization/policyDefinitions/4eb909e7-6d64-656d-6465-2eeb297a1625",
      "policyDefinitionReferenceId": "[Preview]: Deploy Microsoft Defender for Endpoint agent on Linux hybrid machines"
    },
    {
      "parameters": {
        "assessmentMode": {
          "value": "AutomaticByPlatform"
        },
        "tagOperator": {
          "value": "Any"
        },
        "osType": {
          "value": "Windows"
        }
      },
      "groupNames": [
        "[Incubation Governance] Patching and Updates"
      ],
      "policyDefinitionId": "/providers/Microsoft.Authorization/policyDefinitions/59efceea-0c96-497e-a4a1-4eb2290dac15",
      "policyDefinitionReferenceId": "Configure periodic checking for missing system updates on azure virtual machines - windows"
    },
    {
      "parameters": {
        "assessmentMode": {
          "value": "AutomaticByPlatform"
        },
        "osType": {
          "value": "Linux"
        }
      },
      "groupNames": [
        "[Incubation Governance] Patching and Updates"
      ],
      "policyDefinitionId": "/providers/Microsoft.Authorization/policyDefinitions/59efceea-0c96-497e-a4a1-4eb2290dac15",
      "policyDefinitionReferenceId": "Configure periodic checking for missing system updates on azure virtual machines - linux"
    },
    {
      "parameters": {
        "effect": {
          "value": "Audit"
        }
      },
      "groupNames": [
        "[Incubation Governance] Restrict Network Access"
      ],
      "policyDefinitionId": "/providers/Microsoft.Authorization/policyDefinitions/8405fdab-1faf-48aa-b702-999c9c172094",
      "policyDefinitionReferenceId": "Managed disks should disable public network access"
    },
    {
      "parameters": {
        "effect": {
          "value": "AuditIfNotExists"
        }
      },
      "groupNames": [
        "[Incubation Governance] Patching and Updates"
      ],
      "policyDefinitionId": "/providers/Microsoft.Authorization/policyDefinitions/86b3d65f-7626-441e-b690-81a8b71cff60",
      "policyDefinitionReferenceId": "System updates should be installed on your machines"
    },
    {
      "parameters": {
        "tagOperator": {
          "value": "Any"
        },
        "locations": {
          "value": []
        },
        "tagValues": {
          "value": []
        },
        "operatingSystemTypes": {
          "value": [
            "Windows",
            "Linux"
          ]
        },
        "effect": {
          "value": "DeployIfNotExists"
        },
        "resourceGroups": {
          "value": []
        }
      },
      "groupNames": [
        "[Incubation Governance] Patching and Updates"
      ],
      "policyDefinitionId": "/providers/Microsoft.Authorization/policyDefinitions/9905ca54-1471-49c6-8291-7582c04cd4d4",
      "policyDefinitionReferenceId": "[Preview]: Set prerequisite for Scheduling recurring updates on Azure virtual machines."
    },
    {
      "parameters": {
        "effect": {
          "value": "AuditIfNotExists"
        }
      },
      "groupNames": [
        "[Incubation Governance] Security Posture Management"
      ],
      "policyDefinitionId": "/providers/Microsoft.Authorization/policyDefinitions/9b597639-28e4-48eb-b506-56b05d366257",
      "policyDefinitionReferenceId": "Microsoft IaaSAntimalware extension should be deployed on Windows servers"
    },
    {
      "parameters": {
        "effect": {
          "value": "DeployIfNotExists"
        }
      },
      "groupNames": [
        "[Incubation Governance] Security Posture Management"
      ],
      "policyDefinitionId": "/providers/Microsoft.Authorization/policyDefinitions/9e4879d9-c2a0-4e40-8017-1a5a5327c843",
      "policyDefinitionReferenceId": "Configure Azure Defender for Servers to be enabled ('P1' subplan) for all resources (resource level) with the selected tag"
    },
    {
      "parameters": {
        "maintenanceConfigurationResourceId": {
            "value": "[parameters('maintenanceConfigurationResourceId')]"
          },
          "effect": {
            "value": "DeployIfNotExists"
          }
      },
      "groupNames": [
        "[Incubation Governance] Patching and Updates"
      ],
      "policyDefinitionId": "/providers/Microsoft.Authorization/policyDefinitions/ba0df93e-e4ac-479a-aac2-134bbae39a1a",
      "policyDefinitionReferenceId": "Schedule recurring updates using Azure Update Manager"
    },
    {
      "parameters": {
        "effect": {
          "value": "Deny"
        }
      },
      "groupNames": [
        "[Incubation Governance] Patching and Updates"
      ],
      "policyDefinitionId": "/providers/Microsoft.Authorization/policyDefinitions/bd876905-5b84-4f73-ab2d-2e7a7c4568d9",
      "policyDefinitionReferenceId": "Machines should be configured to periodically check for missing system updates"
    },
    {
      "parameters": {
        "effect": {
          "value": "AuditIfNotExists"
        }
      },
      "groupNames": [
        "[Incubation Governance] Patching and Updates"
      ],
      "policyDefinitionId": "/providers/Microsoft.Authorization/policyDefinitions/c3f317a7-a95c-4547-b7e7-11017ebdf2fe",
      "policyDefinitionReferenceId": "System updates on virtual machine scale sets should be installed"
    },
    {
      "parameters": {
        "effect": {
          "value": "AuditIfNotExists"
        }
      },
      "groupNames": [
        "[Incubation Governance] Patching and Updates",
        "[Incubation Governance] Security Posture Management"
      ],
      "policyDefinitionId": "/providers/Microsoft.Authorization/policyDefinitions/c43e4a30-77cb-48ab-a4dd-93f175c63b57",
      "policyDefinitionReferenceId": "Microsoft Antimalware for Azure should be configured to automatically update protection signatures"
    },
    {
      "parameters": {
        "effect": {
          "value": "DeployIfNotExists"
        }
      },
      "groupNames": [
        "[Incubation Governance] Security Posture Management"
      ],
      "policyDefinitionId": "/providers/Microsoft.Authorization/policyDefinitions/d30025d0-6d64-656d-6465-67688881b632",
      "policyDefinitionReferenceId": "[Preview]: Deploy Microsoft Defender for Endpoint agent on Linux virtual machines"
    },
    {
      "parameters": {
        "effect": {
          "value": "AuditIfNotExists"
        }
      },
      "groupNames": [
        "[Incubation Governance] Restrict Network Access"
      ],
      "policyDefinitionId": "/providers/Microsoft.Authorization/policyDefinitions/f39f5f49-4abf-44de-8c70-0756997bfb51",
      "policyDefinitionReferenceId": "Disk access resources should use private link"
    },
    {
      "parameters": {
        "effect": {
          "value": "AuditIfNotExists"
        }
      },
      "groupNames": [
        "[Incubation Governance] Patching and Updates"
      ],
      "policyDefinitionId": "/providers/Microsoft.Authorization/policyDefinitions/f85bf3e0-d513-442e-89c3-1784ad63382b",
      "policyDefinitionReferenceId": "[Preview]: System updates should be installed on your machines (powered by Update Center)"
    }
  ],
  "policyDefinitionGroups": [
    "[Incubation Governance] Access Control",
    "[Incubation Governance] Security Posture Management",
    "[Incubation Governance] Encryption",
    "[Incubation Governance] Patching and Updates",
    "[Incubation Governance] Restrict Network Access",
    "[Incubation Governance] Monitoring"
  ]
}
