{
  "type": "Microsoft.Authorization/policySetDefinitions",
  "name": "ContainerInstanceBaseline",
  "description": "description",
  "displayName": "[Incubation Governance] Container Instance",
  "metadata": {
    "category": "Incubation Governance",
    "targetService": "Container Instance"
  },
  "parameters": {
    "logAnalyticsWorkspaceResourceId": {
      "type": "String",
      "metadata": {
        "displayName": "Log Analytics workspace Resource ID for diagnostic logging"
      },
      "defaultValue": "/subscriptions/00000000-0000-0000-0000-000000000000/resourceGroups/rg/providers/Microsoft.OperationalInsights/workspaces/la"
    }
  },
  "policyDefinitions": [
    {
      "parameters": {
        "effect": {
          "value": "DeployIfNotExists"
        },
        "categoryGroup": {
          "value": "allLogs"
        },
        "diagnosticSettingName": {
          "value": "setByIncubationPolicy-LogAnalytics"
        },
        "logAnalytics": {
          "value": "[parameters('logAnalyticsWorkspaceResourceId')]"
        }
      },
      "groupNames": "[Incubation Governance] Monitoring",
      "policyDefinitionId": "/providers/Microsoft.Authorization/policyDefinitions/85779c9a-7fdf-4294-937c-ded183166fa8",
      "policyDefinitionReferenceId": "Enable logging by category group for Container instances (microsoft.containerinstance/containergroups) to Log Analytics"
    },
    {
      "parameters": {
        "effect": {
          "value": "Deny"
        }
      },
      "groupNames": "[Incubation Governance] Restrict Network Access",
      "policyDefinitionId": "/providers/Microsoft.Authorization/policyDefinitions/8af8f826-edcb-4178-b35f-851ea6fea615",
      "policyDefinitionReferenceId": "Azure Container Instance container group should deploy into a virtual network"
    }
  ],
  "policyDefinitionGroups": [
    "[Incubation Governance] Encryption",
    "[Incubation Governance] Monitoring",
    "[Incubation Governance] Restrict Network Access",
    "[Incubation Governance] Security Posture Management"
  ]
}
