{
    "description": "Diagnostic Baseline",
    "displayName": "[Incubation Governance] all custom diagnostic log policies.",
    "metadata": {
      "category": "Incubation Governance",
      "version": "1.0.0"
    },
    "name": "DiagnosticBaseline",
    "parameters": {
    },
    "policyDefinitionGroups": null,
    "policyDefinitions": [
      {
        "groupNames": null,
        "parameters": {
          "logAnalytics": {
            "value": "/subscriptions/64be943d-edb3-43d4-9f1e-e9410a5dcab0/resourceGroups/logging/providers/Microsoft.OperationalInsights/workspaces/platform-logs"
          },
          "effect": {
            "value": "DeployIfNotExists"
          },
          "logsEnabled": {
            "value": "True"
          }
        },
        "policyDefinitionId": "/providers/Microsoft.Authorization/policyDefinitions/2465583e-4e78-4c15-b6be-a36cbc7c8b0f",
        "policyDefinitionReferenceId": "Configure Azure Activity logs on Subscriptions to stream to specified Log Analytics workspace"
      }
    ],
    "systemData": null,
    "type": "Microsoft.Authorization/policySetDefinitions"
  }