{
    "description": "Governance Baseline",
    "displayName": "[Incubation Governance] baseline initiative for all platform and landing zones.",
    "metadata": {
      "category": "Incubation Governance",
      "version": "1.0.0"
    },
    "name": "GovernanceBaseline",
    "parameters": {
    },
    "policyDefinitionGroups": null,
    "policyDefinitions": [
      {
        "groupNames": null,
        "parameters": {
          "listOfAllowedLocations": {
            "value": [
              "australiaeast",
              "australiasoutheast",
              "australiacentral",
              "australiacentral2"
            ]
          }
        },
        "policyDefinitionId": "/providers/Microsoft.Authorization/policyDefinitions/e56962a6-4747-49cd-b67b-bf8b01975c4c",
        "policyDefinitionReferenceId": "Allowed locations - whitelisted Azure Regions."
      },
      {
        "groupNames": null,
        "parameters": {
          "listOfAllowedLocations": {
            "value": [
              "australiaeast",
              "australiasoutheast",
              "australiacentral",
              "australiacentral2"
            ]
          }
        },
        "policyDefinitionId": "/providers/Microsoft.Authorization/policyDefinitions/e765b5de-1225-4ba3-bd56-1ac6695af988",
        "policyDefinitionReferenceId": "Allowed locations for resource groups"
      }
    ],
    "systemData": null,
    "type": "Microsoft.Authorization/policySetDefinitions"
  }