{
  "type": "Microsoft.Authorization/policySetDefinitions",
  "name": "KeyvaultBaseline",
  "description": "description",
  "displayName": "[Incubation Governance] key vault",
  "metadata": {
    "category": "Incubation Governance",
    "targetService": "key vault"
  },
  "parameters": {
    "logAnalyticsWorkspaceResourceId": {
      "type": "String",
      "metadata": {
        "displayName": "Log Analytics workspace Resource ID for diagnostic logging"
      },
      "defaultValue": "/subscriptions/00000000-0000-0000-0000-000000000000/resourceGroups/rg/providers/Microsoft.OperationalInsights/workspaces/la"

    },
    "keyvaultPrivateLinkDNSZoneResourceId": {
      "type": "String",
      "metadata": {
        "displayName": "Private Link DNS Zone for Keyvault (Resource ID"
      },
      "defaultValue": "/subscriptions/00000000-0000-0000-0000-000000000000/resourceGroups/rg/providers/Microsoft.OperationalInsights/workspaces/la"

    }
  },
  "policyDefinitions": [
    {
      "parameters": {
        "effect": {
          "value": "AuditIfNotExists"
        }
      },
      "groupNames": "[Incubation Governance] Monitoring",
      "policyDefinitionId": "/providers/Microsoft.Authorization/policyDefinitions/0e6763cc-5078-4e64-889d-ff4d9a839047",
      "policyDefinitionReferenceId": "Azure Defender for Key Vault should be enabled"
    },
    {
      "parameters": {
        "effect": {
          "value": "DeployIfNotExists"
        },
        "subPlan": {
          "value": "PerTransaction"
        }
      },
      "groupNames": "[Incubation Governance] Monitoring",
      "policyDefinitionId": "/providers/Microsoft.Authorization/policyDefinitions/1f725891-01c0-420a-9059-4fa46cb770b7",
      "policyDefinitionReferenceId": "Configure Microsoft Defender for Key Vault plan"
    },
    {
      "parameters": {
        "effect": {
          "value": "Deny"
        }
      },
      "groupNames": "[Incubation Governance] Restrict Network Access",
      "policyDefinitionId": "/providers/Microsoft.Authorization/policyDefinitions/405c5871-3e91-4644-8a63-58e19d68ff5b",
      "policyDefinitionReferenceId": "Azure Key Vault should disable public network access"
    },
    {
      "parameters": {
        "restrictIPAddresses": {
          "value": "Yes"
        },
        "effect": {
          "value": "Deny"
        },
        "forbiddenIPAddresses": {
          "value": []
        },
        "allowedIPAddresses": {
          "value": [
            "10.0.0.0/8"
          ]
        }
      },
      "groupNames": "[Incubation Governance] Restrict Network Access",
      "policyDefinitionId": "/providers/Microsoft.Authorization/policyDefinitions/55615ac9-af46-4a59-874e-391cc3dfb490",
      "policyDefinitionReferenceId": "Azure Key Vault should have firewall enabled"
    },
    {
      "parameters": {
        "effect": {
          "value": "DeployIfNotExists"
        },
        "diagnosticSettingName": {
          "value": "setByIncubationBaselinePolicy-LogAnalytics"
        },
        "logAnalytics": {
          "value": "[parameters('logAnalyticsWorkspaceResourceId')]"
        }
      },
      "groupNames": "[Incubation Governance] Monitoring",
      "policyDefinitionId": "/providers/Microsoft.Authorization/policyDefinitions/6b359d8f-f88d-4052-aa7c-32015963ecc1",
      "policyDefinitionReferenceId": "Enable logging by category group for Key vaults (microsoft.keyvault/vaults) to Log Analytics"
    },
    {
      "parameters": {
        "audit_effect": {
          "value": "Audit"
        },
        "effect": {
          "value": "Audit"
        }
      },
      "groupNames": "[Incubation Governance] Restrict Network Access",
      "policyDefinitionId": "/providers/Microsoft.Authorization/policyDefinitions/a6abeaec-4d90-4a02-805f-6b26c4d3fbe9",
      "policyDefinitionReferenceId": "Azure Key Vaults should use private link"
    },
    {
      "parameters": {
        "effect": {
          "value": "DeployIfNotExists"
        },
        "privateDnsZoneId": {
          "value": "[parameters('keyvaultPrivateLinkDNSZoneResourceId')]"
        }
      },
      "groupNames": "[Incubation Governance] Restrict Network Access",
      "policyDefinitionId": "/providers/Microsoft.Authorization/policyDefinitions/ac673a9a-f77d-4846-b2d8-a57f8e1c01d4",
      "policyDefinitionReferenceId": "Configure Azure Key Vaults to use private DNS zones"
    },
    {
      "parameters": {
        "effect": {
          "value": "Modify"
        }
      },
      "groupNames": "[Incubation Governance] Restrict Network Access",
      "policyDefinitionId": "/providers/Microsoft.Authorization/policyDefinitions/ac673a9a-f77d-4846-b2d8-a57f8e1c01dc",
      "policyDefinitionReferenceId": "Configure key vaults to enable firewall"
    }
  ],
  "policyDefinitionGroups": [
    "[Incubation Governance] Encryption",
    "[Incubation Governance] Monitoring",
    "[Incubation Governance] Restrict Network Access",
    "[Incubation Governance] Security Posture Management"
  ]
}
