{
  "type": "Microsoft.Authorization/policySetDefinitions",
  "name": "NetworkServicesBaseline",
  "description": "description",
  "displayName": "[Incubation Governance] Network Services",
  "metadata": {
    "targetService": "Network Services",
    "category": "Incubation Governance"
  },
  "parameters": {
    "logAnalyticsWorkspaceResourceId": {
      "type": "String",
      "metadata": {
        "displayName": "Log Analytics workspace Resource ID for diagnostic logging"
      }
    }
  },
  "policyDefinitions": [
    
    {
      "policyDefinitionId": "/providers/Microsoft.Authorization/policyDefinitions/055aa869-bc98-4af8-bafc-23f1ab6ffe2c",
      "parameters": {
        "effect": {
          "value": "Deny"
        }
      },
      "policyDefinitionReferenceId": "Azure Web Application Firewall should be enabled for Azure Front Door entry-points",
      "groupNames": "[Incubation Governance] Restrict Network Access"
    },
    {
      "policyDefinitionId": "/providers/Microsoft.Authorization/policyDefinitions/0ebe872d-7029-4292-88bc-ad3e2cf3772f",
      "parameters": {
        "diagnosticSettingName": {
          "value": "setByIncubationPolicy-LogAnalytics"
        },
        "logAnalytics": {
          "value": "[parameters('logAnalyticsWorkspaceResourceId')]"
        },
        "effect": {
          "value": "DeployIfNotExists"
        },
        "resourceLocationList": {
          "value": ["*"]
        },
        "categoryGroup": {
          "value": "allLogs"
        }
      },
      "policyDefinitionReferenceId": "Enable logging by category group for microsoft.network/networksecurityperimeters to Log Analytics",
      "groupNames": "[Incubation Governance] Monitoring"
    },
    {
      "policyDefinitionId": "/providers/Microsoft.Authorization/policyDefinitions/1118afbc-c48d-43ae-931a-87b38956d40b",
      "parameters": {
        "diagnosticSettingName": {
          "value": "setByIncubationPolicy-LogAnalytics"
        },
        "logAnalytics": {
          "value": "[parameters('logAnalyticsWorkspaceResourceId')]"
        },
        "effect": {
          "value": "DeployIfNotExists"
        },
        "resourceLocationList": {
          "value": ["*"]
        },
        "categoryGroup": {
          "value": "allLogs"
        }
      },
      "policyDefinitionReferenceId": "Enable logging by category group for Traffic Manager profiles (microsoft.network/trafficmanagerprofiles) to Log Analytics",
      "groupNames": "[Incubation Governance] Monitoring"
    },
    {
      "policyDefinitionId": "/providers/Microsoft.Authorization/policyDefinitions/12430be1-6cc8-4527-a9a8-e3d38f250096",
      "parameters": {
        "modeRequirement": {
          "value": "Prevention"
        },
        "effect": {
          "value": "Deny"
        }
      },
      "policyDefinitionReferenceId": "Web Application Firewall (WAF) should use the specified mode for Application Gateway",
      "groupNames": "[Incubation Governance] Restrict Network Access"
    },
    {
      "policyDefinitionId": "/providers/Microsoft.Authorization/policyDefinitions/1513498c-3091-461a-b321-e9b433218d28",
      "parameters": {
        "diagnosticSettingName": {
          "value": "setByIncubationPolicy-LogAnalytics"
        },
        "logAnalytics": {
          "value": "[parameters('logAnalyticsWorkspaceResourceId')]"
        },
        "effect": {
          "value": "DeployIfNotExists"
        },
        "resourceLocationList": {
          "value": ["*"]
        },
        "categoryGroup": {
          "value": "allLogs"
        }
      },
      "policyDefinitionReferenceId": "Enable logging by category group for Public IP addresses (microsoft.network/publicipaddresses) to Log Analytics",
      "groupNames": "[Incubation Governance] Monitoring"
    },
    {
      "policyDefinitionId": "/providers/Microsoft.Authorization/policyDefinitions/23673f24-2594-43e9-9983-60a0be21bd76",
      "parameters": {
        "diagnosticSettingName": {
          "value": "setByIncubationPolicy-LogAnalytics"
        },
        "logAnalytics": {
          "value": "[parameters('logAnalyticsWorkspaceResourceId')]"
        },
        "effect": {
          "value": "DeployIfNotExists"
        },
        "resourceLocationList": {
          "value": ["*"]
        },
        "categoryGroup": {
          "value": "allLogs"
        }
      },
      "policyDefinitionReferenceId": "Enable logging by category group for Network Managers (microsoft.network/networkmanagers) to Log Analytics",
      "groupNames": "[Incubation Governance] Monitoring"
    },
    {
      "policyDefinitionId": "/providers/Microsoft.Authorization/policyDefinitions/3234ff41-8bec-40a3-b5cb-109c95f1c8ce",
      "parameters": {
        "diagnosticSettingName": {
          "value": "setByIncubationPolicy-LogAnalytics"
        },
        "logAnalytics": {
          "value": "[parameters('logAnalyticsWorkspaceResourceId')]"
        },
        "effect": {
          "value": "DeployIfNotExists"
        },
        "resourceLocationList": {
          "value": ["*"]
        },
        "categoryGroup": {
          "value": "allLogs"
        }
      },
      "policyDefinitionReferenceId": "Enable logging by category group for Virtual networks (microsoft.network/virtualnetworks) to Log Analytics",
      "groupNames": "[Incubation Governance] Monitoring"
    },
    {
      "policyDefinitionId": "/providers/Microsoft.Authorization/policyDefinitions/425bea59-a659-4cbb-8d31-34499bd030b8",
      "parameters": {
        "modeRequirement": {
          "value": "Prevention"
        },
        "effect": {
          "value": "Deny"
        }
      },
      "policyDefinitionReferenceId": "Web Application Firewall (WAF) should use the specified mode for Azure Front Door Service",
      "groupNames": "[Incubation Governance] Restrict Network Access"
    },
    {
      "policyDefinitionId": "/providers/Microsoft.Authorization/policyDefinitions/4598f028-de1f-4694-8751-84dceb5f86b9",
      "parameters": {
        "effect": {
          "value": "Deny"
        }
      },
      "policyDefinitionReferenceId": "Azure Web Application Firewall on Azure Front Door should have request body inspection enabled",
      "groupNames": "[Incubation Governance] Restrict Network Access"
    },
    {
      "policyDefinitionId": "/providers/Microsoft.Authorization/policyDefinitions/60579569-3633-42cb-ae6a-195080bf310d",
      "parameters": {
        "diagnosticSettingName": {
          "value": "setByIncubationPolicy-LogAnalytics"
        },
        "logAnalytics": {
          "value": "[parameters('logAnalyticsWorkspaceResourceId')]"
        },
        "effect": {
          "value": "DeployIfNotExists"
        },
        "resourceLocationList": {
          "value": ["*"]
        },
        "categoryGroup": {
          "value": "allLogs"
        }
      },
      "policyDefinitionReferenceId": "Enable logging by category group for microsoft.networkfunction/azuretrafficcollectors to Log Analytics",
      "groupNames": "[Incubation Governance] Monitoring"
    },
    {
      "policyDefinitionId": "/providers/Microsoft.Authorization/policyDefinitions/6ee1c58c-a123-4cd6-8643-48b2f7ffb3e1",
      "parameters": {
        "diagnosticSettingName": {
          "value": "setByIncubationPolicy-LogAnalytics"
        },
        "logAnalytics": {
          "value": "[parameters('logAnalyticsWorkspaceResourceId')]"
        },
        "effect": {
          "value": "DeployIfNotExists"
        },
        "resourceLocationList": {
          "value": ["*"]
        },
        "categoryGroup": {
          "value": "allLogs"
        }
      },
      "policyDefinitionReferenceId": "Enable logging by category group for microsoft.network/networkmanagers/ipampools to Log Analytics",
      "groupNames": "[Incubation Governance] Monitoring"
    },
    {
      "policyDefinitionId": "/providers/Microsoft.Authorization/policyDefinitions/752154a7-1e0f-45c6-a880-ac75a7e4f648",
      "parameters": {
        "logAnalytics": {
          "value": "[parameters('logAnalyticsWorkspaceResourceId')]"
        },
        "metricsEnabled": {
          "value": "False"
        },
        "profileName": {
          "value": "setByIncubationPolicy-LogAnalytics"
        },
        "effect": {
          "value": "DeployIfNotExists"
        },
        "logsEnabled": {
          "value": "True"
        }
      },
      "policyDefinitionReferenceId": "Public IP addresses should have resource logs enabled for Azure DDoS Protection",
      "groupNames": "[Incubation Governance] Monitoring"
    },
    {
      "policyDefinitionId": "/providers/Microsoft.Authorization/policyDefinitions/83a86a26-fd1f-447c-b59d-e51f44264114",
      "parameters": {},
      "policyDefinitionReferenceId": "Network interfaces should not have public IPs",
      "groupNames": "[Incubation Governance] Restrict Network Access"
    },
    {
      "policyDefinitionId": "/providers/Microsoft.Authorization/policyDefinitions/889bfebf-7428-426e-a86f-79e2a7de2f71",
      "parameters": {
        "diagnosticSettingName": {
          "value": "setByIncubationPolicy-LogAnalytics"
        },
        "logAnalytics": {
          "value": "[parameters('logAnalyticsWorkspaceResourceId')]"
        },
        "effect": {
          "value": "DeployIfNotExists"
        },
        "resourceLocationList": {
          "value": ["*"]
        },
        "categoryGroup": {
          "value": "allLogs"
        }
      },
      "policyDefinitionReferenceId": "Enable logging by category group for Load balancers (microsoft.network/loadbalancers) to Log Analytics",
      "groupNames": "[Incubation Governance] Monitoring"
    },
    {
      "policyDefinitionId": "/providers/Microsoft.Authorization/policyDefinitions/92012204-a7e4-4a95-bbe5-90d0d3e12735",
      "parameters": {
        "diagnosticSettingName": {
          "value": "setByIncubationPolicy-LogAnalytics"
        },
        "logAnalytics": {
          "value": "[parameters('logAnalyticsWorkspaceResourceId')]"
        },
        "effect": {
          "value": "DeployIfNotExists"
        },
        "resourceLocationList": {
          "value": ["*"]
        },
        "categoryGroup": {
          "value": "allLogs"
        }
      },
      "policyDefinitionReferenceId": "Enable logging by category group for Application gateways (microsoft.network/applicationgateways) to Log Analytics",
      "groupNames": "[Incubation Governance] Monitoring"
    },
    {
      "policyDefinitionId": "/providers/Microsoft.Authorization/policyDefinitions/b55f2e8e-dc76-4262-a0e3-45f02200ff0e",
      "parameters": {
        "diagnosticSettingName": {
          "value": "setByIncubationPolicy-LogAnalytics"
        },
        "logAnalytics": {
          "value": "[parameters('logAnalyticsWorkspaceResourceId')]"
        },
        "effect": {
          "value": "DeployIfNotExists"
        },
        "resourceLocationList": {
          "value": ["*"]
        },
        "categoryGroup": {
          "value": "allLogs"
        }
      },
      "policyDefinitionReferenceId": "Enable logging by category group for Public IP Prefixes (microsoft.network/publicipprefixes) to Log Analytics",
      "groupNames": "[Incubation Governance] Monitoring"
    },
    {
      "policyDefinitionId": "/providers/Microsoft.Authorization/policyDefinitions/baa4c6de-b7cf-4b12-b436-6e40ef44c8cb",
      "parameters": {
        "diagnosticSettingName": {
          "value": "setByIncubationPolicy-LogAnalytics"
        },
        "logAnalytics": {
          "value": "[parameters('logAnalyticsWorkspaceResourceId')]"
        },
        "effect": {
          "value": "DeployIfNotExists"
        },
        "resourceLocationList": {
          "value": ["*"]
        },
        "categoryGroup": {
          "value": "allLogs"
        }
      },
      "policyDefinitionReferenceId": "Enable logging by category group for Network security groups (microsoft.network/networksecuritygroups) to Log Analytics",
      "groupNames": "[Incubation Governance] Monitoring"
    },
    {
      "policyDefinitionId": "/providers/Microsoft.Authorization/policyDefinitions/c5ecf495-6caa-445c-b431-04fda56c555a",
      "parameters": {
        "diagnosticSettingName": {
          "value": "setByIncubationPolicy-LogAnalytics"
        },
        "logAnalytics": {
          "value": "[parameters('logAnalyticsWorkspaceResourceId')]"
        },
        "effect": {
          "value": "DeployIfNotExists"
        },
        "resourceLocationList": {
          "value": ["*"]
        },
        "categoryGroup": {
          "value": "allLogs"
        }
      },
      "policyDefinitionReferenceId": "Enable logging by category group for ExpressRoute circuits (microsoft.network/expressroutecircuits) to Log Analytics",
      "groupNames": "[Incubation Governance] Monitoring"
    },
    {
      "policyDefinitionId": "/providers/Microsoft.Authorization/policyDefinitions/ca85ef9a-741d-461d-8b7a-18c2da82c666",
      "parameters": {
        "effect": {
          "value": "Deny"
        }
      },
      "policyDefinitionReferenceId": "Azure Web Application Firewall on Azure Application Gateway should have request body inspection enabled",
      "groupNames": "[Incubation Governance] Restrict Network Access"
    },
    {
      "policyDefinitionId": "/providers/Microsoft.Authorization/policyDefinitions/cac9e1c5-c3cb-47fa-8d4c-88b8559262d2",
      "parameters": {
        "diagnosticSettingName": {
          "value": "setByIncubationPolicy-LogAnalytics"
        },
        "logAnalytics": {
          "value": "[parameters('logAnalyticsWorkspaceResourceId')]"
        },
        "effect": {
          "value": "DeployIfNotExists"
        },
        "resourceLocationList": {
          "value": ["*"]
        },
        "categoryGroup": {
          "value": "allLogs"
        }
      },
      "policyDefinitionReferenceId": "Enable logging by category group for microsoft.network/p2svpngateways to Log Analytics",
      "groupNames": "[Incubation Governance] Monitoring"
    },
    {
      "policyDefinitionId": "/providers/Microsoft.Authorization/policyDefinitions/d8624de8-47fe-47c0-bea0-2d8329b628fe",
      "parameters": {
        "diagnosticSettingName": {
          "value": "setByIncubationPolicy-LogAnalytics"
        },
        "logAnalytics": {
          "value": "[parameters('logAnalyticsWorkspaceResourceId')]"
        },
        "effect": {
          "value": "DeployIfNotExists"
        },
        "resourceLocationList": {
          "value": ["*"]
        },
        "categoryGroup": {
          "value": "allLogs"
        }
      },
      "policyDefinitionReferenceId": "Enable logging by category group for microsoft.network/vpngateways to Log Analytics",
      "groupNames": "[Incubation Governance] Monitoring"
    },
    {
      "policyDefinitionId": "/providers/Microsoft.Authorization/policyDefinitions/dc1b5908-da05-4eed-a988-c5e32fdb682d",
      "parameters": {
        "diagnosticSettingName": {
          "value": "setByIncubationPolicy-LogAnalytics"
        },
        "logAnalytics": {
          "value": "[parameters('logAnalyticsWorkspaceResourceId')]"
        },
        "effect": {
          "value": "DeployIfNotExists"
        },
        "resourceLocationList": {
          "value": ["*"]
        },
        "categoryGroup": {
          "value": "allLogs"
        }
      },
      "policyDefinitionReferenceId": "Enable logging by category group for microsoft.network/dnsresolverpolicies to Log Analytics",
      "groupNames": "[Incubation Governance] Monitoring"
    },
    {
      "policyDefinitionId": "/providers/Microsoft.Authorization/policyDefinitions/e9c56c41-d453-4a80-af93-2331afeb3d82",
      "parameters": {
        "diagnosticSettingName": {
          "value": "setByIncubationPolicy-LogAnalytics"
        },
        "logAnalytics": {
          "value": "[parameters('logAnalyticsWorkspaceResourceId')]"
        },
        "effect": {
          "value": "DeployIfNotExists"
        },
        "resourceLocationList": {
          "value": ["*"]
        },
        "categoryGroup": {
          "value": "allLogs"
        }
      },
      "policyDefinitionReferenceId": "Enable logging by category group for Front Door and CDN profiles (microsoft.network/frontdoors) to Log Analytics",
      "groupNames": "[Incubation Governance] Monitoring"
    },
    {
      "policyDefinitionId": "/providers/Microsoft.Authorization/policyDefinitions/ed6ae75a-828f-4fea-88fd-dead1145f1dd",
      "parameters": {
        "diagnosticSettingName": {
          "value": "setByIncubationPolicy-LogAnalytics"
        },
        "logAnalytics": {
          "value": "[parameters('logAnalyticsWorkspaceResourceId')]"
        },
        "effect": {
          "value": "DeployIfNotExists"
        },
        "resourceLocationList": {
          "value": ["*"]
        },
        "categoryGroup": {
          "value": "allLogs"
        }
      },
      "policyDefinitionReferenceId": "Enable logging by category group for Virtual network gateways (microsoft.network/virtualnetworkgateways) to Log Analytics",
      "groupNames": "[Incubation Governance] Monitoring"
    },
    {
      "policyDefinitionId": "/providers/Microsoft.Authorization/policyDefinitions/f8352124-56fa-4f94-9441-425109cdc14b",
      "parameters": {
        "diagnosticSettingName": {
          "value": "setByIncubationPolicy-LogAnalytics"
        },
        "logAnalytics": {
          "value": "[parameters('logAnalyticsWorkspaceResourceId')]"
        },
        "effect": {
          "value": "DeployIfNotExists"
        },
        "resourceLocationList": {
          "value": ["*"]
        },
        "categoryGroup": {
          "value": "allLogs"
        }
      },
      "policyDefinitionReferenceId": "Enable logging by category group for Bastions (microsoft.network/bastionhosts) to Log Analytics",
      "groupNames": "[Incubation Governance] Monitoring"
    },
    {
      "policyDefinitionId": "/providers/Microsoft.Authorization/policyDefinitions/fc5e4038-4584-4632-8c85-c0448d374b2c",
      "parameters": {
        "effect": {
          "value": "AuditIfNotExists"
        }
      },
      "policyDefinitionReferenceId": "[Preview]: All Internet traffic should be routed via your deployed Azure Firewall",
      "groupNames": "[Incubation Governance] Restrict Network Access"
    },
    {
      "policyDefinitionId": "/providers/Microsoft.Management/managementGroups/placeholderenvironmentmg/providers/Microsoft.Authorization/policyDefinitions/fwDiagsResSpecDinePolicy",
      "parameters": {
        "diagnosticSettingName": {
          "value": "setByIncubationPolicy-LogAnalytics"
        },
        "logAnalytics": {
          "value": "[parameters('logAnalyticsWorkspaceResourceId')]"
        },
        "effect": {
          "value": "DeployIfNotExists"
        },
        "resourceLocationList": {
          "value": ["*"]
        }
      },
      "policyDefinitionReferenceId": "Enable resource specific logging by category group for Firewall (microsoft.network/azurefirewalls) to Log Analytics",
      "groupNames": "[Incubation Governance] Monitoring"
    }
  ],
  "policyDefinitionGroups": [
    "[Incubation Governance] Restrict Network Access",
    "[Incubation Governance] Encryption",
    "[Incubation Governance] Access Control",
    "[Incubation Governance] Security Posture Management",
    "[Incubation Governance] Monitoring"
  ]
}
