{
  "type": "Microsoft.Authorization/policySetDefinitions",
  "name": "StorageBaseline",
  "description": "description",
  "displayName": "[Incubation Governance] Storage Accounts",
  "metadata": {
    "targetService": "Storage Accounts",
    "category": "Incubation Governance"
  },
  "parameters": {
    "logAnalyticsWorkspaceResourceId": {
      "type": "String",
      "metadata": {
        "displayName": "Log Analytics workspace Resource ID for diagnostic logging"
      }
    },
    "tablePrivateLinkDNSZoneResourceId": {
      "type": "String"
    },
    "queuePrivateLinkDNSZoneResourceId": {
      "type": "String"
    },
    "filePrivateLinkDNSZoneResourceId": {
      "type": "String"
    },
    "dfsPrivateLinkDNSZoneResourceId": {
      "type": "String"
    },
    "blobPrivateLinkDNSZoneResourceId": {
      "type": "String"
    },
    "webPrivateLinkDNSZoneResourceId": {
      "type": "String"
    }
  },
  "policyDefinitions": [
    {
      "parameters": {
        "effect": {
          "value": "Modify"
        }
      },
      "policyDefinitionReferenceId": "Configure your Storage account public access to be disallowed",
      "groupNames": "[Incubation Governance] Restrict Network Access",
      "policyDefinitionId": "/providers/Microsoft.Authorization/policyDefinitions/13502221-8df0-4414-9937-de9c5c4e396b"
    },
    {
      "parameters": {
        "effect": {
          "value": "DeployIfNotExists"
        },
        "subPlan": {
          "value": "DefenderForStorageV2"
        }
      },
      "policyDefinitionReferenceId": "Configure basic Microsoft Defender for Storage to be enabled (Activity Monitoring only)",
      "groupNames": "[Incubation Governance] Security Posture Management",
      "policyDefinitionId": "/providers/Microsoft.Authorization/policyDefinitions/17bc14a7-92e1-4551-8b8c-80f36953e166"
    },
    {
      "parameters": {
        "metricsEnabled": {
          "value": false
        },
        "effect": {
          "value": "DeployIfNotExists"
        },
        "profileName": {
          "value": "setByIncubationPolicy-LogAnalytics"
        },
        "logsEnabled": {
          "value": true
        },
        "logAnalytics": {
          "value": "[parameters('logAnalyticsWorkspaceResourceId')]"
        }
      },
      "policyDefinitionReferenceId": "Configure diagnostic settings for File Services to Log Analytics workspace",
      "groupNames": "[Incubation Governance] Monitoring",
      "policyDefinitionId": "/providers/Microsoft.Authorization/policyDefinitions/25a70cc8-2bd4-47f1-90b6-1478e4662c96"
    },
    {
      "parameters": {
        "metricsEnabled": {
          "value": false
        },
        "effect": {
          "value": "DeployIfNotExists"
        },
        "profileName": {
          "value": "setByIncubationPolicy-LogAnalytics"
        },
        "logsEnabled": {
          "value": true
        },
        "logAnalytics": {
          "value": "[parameters('logAnalyticsWorkspaceResourceId')]"
        }
      },
      "policyDefinitionReferenceId": "Configure diagnostic settings for Table Services to Log Analytics workspace",
      "groupNames": "[Incubation Governance] Monitoring",
      "policyDefinitionId": "/providers/Microsoft.Authorization/policyDefinitions/2fb86bf3-d221-43d1-96d1-2434af34eaa0"
    },
    {
      "parameters": {
        "effect": {
          "value": "Deny"
        }
      },
      "policyDefinitionReferenceId": "[Preview]: Storage account public access should be disallowed",
      "groupNames": "[Incubation Governance] Restrict Network Access",
      "policyDefinitionId": "/providers/Microsoft.Authorization/policyDefinitions/4fa4b6c0-31ca-4c0d-b10d-24b96f62a751"
    },
    {
      "parameters": {
        "metricsEnabled": {
          "value": false
        },
        "effect": {
          "value": "DeployIfNotExists"
        },
        "profileName": {
          "value": "setByIncubationPolicy-LogAnalytics"
        },
        "logAnalytics": {
          "value": "[parameters('logAnalyticsWorkspaceResourceId')]"
        }
      },
      "policyDefinitionReferenceId": "Configure diagnostic settings for Storage Accounts to Log Analytics workspace",
      "groupNames": "[Incubation Governance] Monitoring",
      "policyDefinitionId": "/providers/Microsoft.Authorization/policyDefinitions/59759c62-9a22-4cdf-ae64-074495983fef"
    },
    {
      "parameters": {
        "effect": {
          "value": "AuditIfNotExists"
        }
      },
      "policyDefinitionReferenceId": "Microsoft Defender for Storage should be enabled",
      "groupNames": "[Incubation Governance] Security Posture Management",
      "policyDefinitionId": "/providers/Microsoft.Authorization/policyDefinitions/640d2586-54d2-465f-877f-9ffc1d2109f4"
    },
    {
      "parameters": {
        "effect": {
          "value": "AuditIfNotExists"
        }
      },
      "policyDefinitionReferenceId": "Storage accounts should use private link",
      "groupNames": "[Incubation Governance] Restrict Network Access",
      "policyDefinitionId": "/providers/Microsoft.Authorization/policyDefinitions/6edd7eda-6dd8-40f7-810d-67160c639cd9"
    },
    {
      "parameters": {
        "metricsEnabled": {
          "value": false
        },
        "effect": {
          "value": "DeployIfNotExists"
        },
        "profileName": {
          "value": "setByIncubationPolicy-LogAnalytics"
        },
        "logsEnabled": {
          "value": true
        },
        "logAnalytics": {
          "value": "[parameters('logAnalyticsWorkspaceResourceId')]"
        }
      },
      "policyDefinitionReferenceId": "Configure diagnostic settings for Queue Services to Log Analytics workspace",
      "groupNames": "[Incubation Governance] Monitoring",
      "policyDefinitionId": "/providers/Microsoft.Authorization/policyDefinitions/7bd000e3-37c7-4928-9f31-86c4b77c5c45"
    },
    {
      "parameters": {
        "effect": {
          "value": "Deny"
        }
      },
      "policyDefinitionReferenceId": "Storage accounts should disable public network access",
      "groupNames": "[Incubation Governance] Restrict Network Access",
      "policyDefinitionId": "/providers/Microsoft.Authorization/policyDefinitions/b2982f36-99f2-4db5-8eff-283140c09693"
    },
    {
      "parameters": {
        "metricsEnabled": {
          "value": false
        },
        "effect": {
          "value": "DeployIfNotExists"
        },
        "profileName": {
          "value": "setByIncubationPolicy-LogAnalytics"
        },
        "logsEnabled": {
          "value": true
        },
        "logAnalytics": {
          "value": "[parameters('logAnalyticsWorkspaceResourceId')]"
        }
      },
      "policyDefinitionReferenceId": "Configure diagnostic settings for Blob Services to Log Analytics workspace",
      "groupNames": "[Incubation Governance] Monitoring",
      "policyDefinitionId": "/providers/Microsoft.Authorization/policyDefinitions/b4fe1a3b-0715-4c6c-a5ea-ffc33cf823cb"
    },
    {
      "parameters": {
        "capGBPerMonthPerStorageAccount": {
          "value": 5000
        },
        "effect": {
          "value": "DeployIfNotExists"
        },
        "isOnUploadMalwareScanningEnabled": {
          "value": "true"
        },
        "isSensitiveDataDiscoveryEnabled": {
          "value": "true"
        }
      },
      "policyDefinitionReferenceId": "Configure Microsoft Defender for Storage to be enabled",
      "groupNames": "[Incubation Governance] Security Posture Management",
      "policyDefinitionId": "/providers/Microsoft.Authorization/policyDefinitions/cfdc5972-75b3-4418-8ae1-7f5c36839390"
    },
    {
      "parameters": {
        "effect": {
          "value": "DeployIfNotExists"
        },
        "privateDnsZoneId": {
          "value": "[parameters('tablePrivateLinkDNSZoneResourceId')]"
        }
      },
      "policyDefinitionReferenceId": "Configure a private DNS Zone ID for table groupID",
      "groupNames": "[Incubation Governance] Restrict Network Access",
      "policyDefinitionId": "/providers/Microsoft.Authorization/policyDefinitions/028bbd88-e9b5-461f-9424-a1b63a7bee1a"
    },
    {
      "parameters": {
        "effect": {
          "value": "DeployIfNotExists"
        },
        "privateDnsZoneId": {
          "value": "[parameters('filePrivateLinkDNSZoneResourceId')]"
        }
      },
      "policyDefinitionReferenceId": "Configure a private DNS Zone ID for file groupID",
      "groupNames": "[Incubation Governance] Restrict Network Access",
      "policyDefinitionId": "/providers/Microsoft.Authorization/policyDefinitions/6df98d03-368a-4438-8730-a93c4d7693d6"
    },
    {
      "parameters": {
        "effect": {
          "value": "DeployIfNotExists"
        },
        "privateDnsZoneId": {
          "value": "[parameters('blobPrivateLinkDNSZoneResourceId')]"
        }
      },
      "policyDefinitionReferenceId": "Configure a private DNS Zone ID for blob groupID",
      "groupNames": "[Incubation Governance] Restrict Network Access",
      "policyDefinitionId": "/providers/Microsoft.Authorization/policyDefinitions/75973700-529f-4de2-b794-fb9b6781b6b0"
    },
    {
      "parameters": {
        "effect": {
          "value": "DeployIfNotExists"
        },
        "privateDnsZoneId": {
          "value": "[parameters('dfsPrivateLinkDNSZoneResourceId')]"
        }
      },
      "policyDefinitionReferenceId": "Configure a private DNS Zone ID for dfs groupID",
      "groupNames": "[Incubation Governance] Restrict Network Access",
      "policyDefinitionId": "/providers/Microsoft.Authorization/policyDefinitions/83c6fe0f-2316-444a-99a1-1ecd8a7872ca"
    },
    {
      "parameters": {
        "effect": {
          "value": "DeployIfNotExists"
        },
        "privateDnsZoneId": {
          "value": "[parameters('webPrivateLinkDNSZoneResourceId')]"
        }
      },
      "policyDefinitionReferenceId": "Configure a private DNS Zone ID for web groupID",
      "groupNames": "[Incubation Governance] Restrict Network Access",
      "policyDefinitionId": "/providers/Microsoft.Authorization/policyDefinitions/9adab2a5-05ba-4fbd-831a-5bf958d04218"
    },
    {
      "parameters": {
        "effect": {
          "value": "DeployIfNotExists"
        },
        "privateDnsZoneId": {
          "value": "[parameters('queuePrivateLinkDNSZoneResourceId')]"
        }
      },
      "policyDefinitionReferenceId": "Configure a private DNS Zone ID for queue groupID",
      "groupNames": "[Incubation Governance] Restrict Network Access",
      "policyDefinitionId": "/providers/Microsoft.Authorization/policyDefinitions/bcff79fb-2b0d-47c9-97e5-3023479b00d1"
    },
    {
      "parameters": {
        "effect": {
          "value": "Deny"
        }
      },
      "policyDefinitionReferenceId": "Storage accounts should prevent shared key access",
      "groupNames": "[Incubation Governance] Access Control",
      "policyDefinitionId": "/providers/Microsoft.Authorization/policyDefinitions/8c6a50c6-9ffd-4ae7-986f-5fa6111f9a54"
    },
    {
      "policyDefinitionId": "/providers/Microsoft.Authorization/policyDefinitions/90bd4cb3-9f59-45f7-a6ca-f69db2726671",
      "parameters": {
        "privateDnsZoneId": {
          "value": "[parameters('dfsPrivateLinkDNSZoneResourceId')]"
        },
        "effect": {
          "value": "DeployIfNotExists"
        }
      },
      "policyDefinitionReferenceId": "Configure a private DNS Zone ID for dfs_secondary groupID",
      "groupNames": "[Incubation Governance] Restrict Network Access"
    },
    {
      "policyDefinitionId": "/providers/Microsoft.Authorization/policyDefinitions/c1d634a5-f73d-4cdd-889f-2cc7006eb47f",
      "parameters": {
        "privateDnsZoneId": {
          "value": "[parameters('tablePrivateLinkDNSZoneResourceId')]"
        },
        "effect": {
          "value": "DeployIfNotExists"
        }
      },
      "policyDefinitionReferenceId": "Configure a private DNS Zone ID for table_secondary groupID",
      "groupNames": "[Incubation Governance] Restrict Network Access"
    },
    {
      "policyDefinitionId": "/providers/Microsoft.Authorization/policyDefinitions/d19ae5f1-b303-4b82-9ca8-7682749faf0c",
      "parameters": {
        "privateDnsZoneId": {
          "value": "[parameters('webPrivateLinkDNSZoneResourceId')]"
        },
        "effect": {
          "value": "DeployIfNotExists"
        }
      },
      "policyDefinitionReferenceId": "Configure a private DNS Zone ID for web_secondary groupID",
      "groupNames": "[Incubation Governance] Restrict Network Access"
    },
    {
      "policyDefinitionId": "/providers/Microsoft.Authorization/policyDefinitions/d847d34b-9337-4e2d-99a5-767e5ac9c582",
      "parameters": {
        "privateDnsZoneId": {
          "value": "[parameters('blobPrivateLinkDNSZoneResourceId')]"
        },
        "effect": {
          "value": "DeployIfNotExists"
        }
      },
      "policyDefinitionReferenceId": "Configure a private DNS Zone ID for blob_secondary groupID",
      "groupNames": "[Incubation Governance] Restrict Network Access"
    },
    {
      "policyDefinitionId": "/providers/Microsoft.Authorization/policyDefinitions/da9b4ae8-5ddc-48c5-b9c0-25f8abf7a3d6",
      "parameters": {
        "privateDnsZoneId": {
          "value": "[parameters('queuePrivateLinkDNSZoneResourceId')]"
        },
        "effect": {
          "value": "DeployIfNotExists"
        }
      },
      "policyDefinitionReferenceId": "Configure a private DNS Zone ID for queue_secondary groupID",
      "groupNames": "[Incubation Governance] Restrict Network Access"
    }
  ],
  "policyDefinitionGroups": [
    "[Incubation Governance] Access Control",
    "[Incubation Governance] Encryption",
    "[Incubation Governance] Monitoring",
    "[Incubation Governance] Restrict Network Access",
    "[Incubation Governance] Security Posture Management"
  ]
}
