{
    "properties": {
        "description": "This policy audits if boot diagnostics are enabled.",
        "displayName": "[Telstra]Audit Boot Diagnostics",
        "metadata": {
            "category": "Compute"
        },
        "mode": "All",
        "name": "AuditBootDiagnostics",
        "parameters": {
            "effect": {
                "allowedValues": [
                    "Audit",
                    "Deny",
                    "Disable"
                ],
                "defaultValue": "Audit",
                "metadata": {
                    "additionalProperties": null,
                    "description": "Change the effect of the execution of the policy",
                    "displayName": "Effect"
                },
                "type": "String"
            }
        },
        "policyRule": {
            "if": {
                "allOf": [
                    {
                        "anyOf": [
                            {
                                "equals": "Microsoft.Compute/virtualMachines",
                                "field": "type"
                            },
                            {
                                "equals": "Microsoft.Compute/virtualMachineScaleSets",
                                "field": "type"
                            }
                        ]
                    },
                    {
                        "not": {
                            "equals": "true",
                            "field": "Microsoft.Compute/virtualMachines/diagnosticsProfile.bootDiagnostics.enabled"
                        }
                    }
                ]
            },
            "then": {
                "effect": "[parameters('effect')]"
            }
        },
        "policyType": "Custom"
    }
}
