{
  "properties": {
    "description": "This policy audits if the ATP feature is enabled or disable on Storage accounts",
    "displayName": "[Telstra]Audit Advanced threat protection on storage accounts",
    "metadata": {
      "category": "Storage"
    },
    "mode": "All",
    "name": "AuditStorageAccountThreatProtection",
    "parameters": {
      "effect": {
        "type": "String",
        "metadata": {
          "displayName": "Effect",
          "description": "Enable or disable the execution of the policy"
        },
        "allowedValues": [
          "AuditIfNotExists",
          "Disabled"
        ],
        "defaultValue": "AuditIfNotExists"
      }
    },
    "policyRule": {
      "if": {
        "equals": "Microsoft.Storage/storageAccounts",
        "field": "type"
      },
      "then": {
        "details": {
          "existenceCondition": {
            "equals": "true",
            "field": "Microsoft.Security/advancedThreatProtectionSettings/isEnabled"
          },
          "name": "current",
          "type": "Microsoft.Security/advancedThreatProtectionSettings"
        },
        "effect": "[parameters('effect')]"
      }
    },
    "policyType": "Custom"
  }
}
