{
    "properties": {
        "description": "This policy audits if a network security group contains an inbound or outbound any-any rule",
        "displayName": "[Telstra]Audit Inbound Outbound Any Rules",
        "metadata": {
            "category": "Network"
        },
        "mode": "All",
        "name": "AuditInboundOutboundAnyRules",
        "parameters": {
            "effect": {
                "allowedValues": [
                    "Audit",
                    "Deny",
                    "Disable"
                ],
                "defaultValue": "Audit",
                "metadata": {
                    "additionalProperties": null,
                    "description": "Change the effect of the execution of the policy",
                    "displayName": "Effect"
                },
                "type": "String"
            }
        },
        "policyRule": {
            "if": {
                "allOf": [
                    {
                        "equals": "Microsoft.Network/networkSecurityGroups",
                        "field": "type"
                    },
                    {
                        "anyOf": [
                            {
                                "count": {
                                    "field": "Microsoft.Network/networkSecurityGroups/securityRules[*]",
                                    "where": {
                                        "allOf": [
                                            {
                                                "equals": "Inbound",
                                                "field": "Microsoft.Network/networkSecurityGroups/securityRules[*].direction"
                                            },
                                            {
                                                "equals": "*",
                                                "field": "Microsoft.Network/networkSecurityGroups/securityRules[*].sourceAddressPrefix"
                                            },
                                            {
                                                "equals": "Allow",
                                                "field": "Microsoft.Network/networkSecurityGroups/securityRules[*].access"
                                            },
                                            {
                                                "equals": "*",
                                                "field": "Microsoft.Network/networkSecurityGroups/securityRules[*].destinationPortRange"
                                            }
                                        ]
                                    }
                                },
                                "greaterOrEquals": 1
                            },
                            {
                                "count": {
                                    "field": "Microsoft.Network/networkSecurityGroups/securityRules[*]",
                                    "where": {
                                        "allOf": [
                                            {
                                                "equals": "Outbound",
                                                "field": "Microsoft.Network/networkSecurityGroups/securityRules[*].direction"
                                            },
                                            {
                                                "equals": "*",
                                                "field": "Microsoft.Network/networkSecurityGroups/securityRules[*].destinationAddressPrefix"
                                            },
                                            {
                                                "equals": "Allow",
                                                "field": "Microsoft.Network/networkSecurityGroups/securityRules[*].access"
                                            },
                                            {
                                                "equals": "*",
                                                "field": "Microsoft.Network/networkSecurityGroups/securityRules[*].destinationPortRange"
                                            }
                                        ]
                                    }
                                },
                                "greaterOrEquals": 1
                            }
                        ]
                    }
                ]
            },
            "then": {
                "effect": "[parameters('effect')]"
            }
        },
        "policyType": "Custom"
    }
}
