{
    "properties": {
        "description": "This policy audits if the AAD Login extension for Linux is not installed.",
        "displayName": "[Telstra]Audit Linux AADLogin Extension is installed",
        "metadata": {
            "category": "Compute"
        },
        "mode": "All",
        "name": "AuditLinuxAADLoginExtension",
        "parameters": {
            "effect": {
                "type": "String",
                "metadata": {
                    "displayName": "Effect",
                    "description": "Enable or disable the execution of the policy"
                },
                "allowedValues": [
                    "AuditIfNotExists",
                    "Disabled"
                ],
                "defaultValue": "AuditIfNotExists"
            }
        },
        "policyRule": {
            "if": {
                "allOf": [
                    {
                        "equals": "Microsoft.Compute/virtualMachines",
                        "field": "type"
                    },
                    {
                        "exists": "true",
                        "field": "Microsoft.Compute/virtualMachines/osProfile.linuxConfiguration"
                    }
                ]
            },
            "then": {
                "details": {
                    "existenceCondition": {
                        "allOf": [
                            {
                                "equals": "Microsoft.Azure.ActiveDirectory.LinuxSSH",
                                "field": "Microsoft.Compute/virtualMachines/extensions/publisher"
                            },
                            {
                                "equals": "AADLoginForLinux",
                                "field": "Microsoft.Compute/virtualMachines/extensions/type"
                            }
                        ]
                    },
                    "type": "Microsoft.Compute/virtualMachines/extensions"
                },
                "effect": "[parameters('effect')]"
            }
        },
        "policyType": "Custom"
    }
}
