{
    "properties": {
        "description": "This policy audits if a network interface has IP forwarding enabled.",
        "displayName": "[Telstra]Audit IP Forwarding is Disabled",
        "metadata": {
            "category": "Network"
        },
        "mode": "All",
        "name": "AuditIPForwardingDisabled",
        "parameters": {
            "effect": {
                "allowedValues": [
                    "Audit",
                    "Deny",
                    "Disable"
                ],
                "defaultValue": "Audit",
                "metadata": {
                    "additionalProperties": null,
                    "description": "Change the effect of the execution of the policy",
                    "displayName": "Effect"
                },
                "type": "String"
            }
        },
        "policyRule": {
            "if": {
                "allOf": [
                    {
                        "equals": "Microsoft.Network/networkInterfaces",
                        "field": "type"
                    },
                    {
                        "not": {
                            "equals": "false",
                            "field": "Microsoft.Network/networkInterfaces/enableIPForwarding"
                        }
                    }
                ]
            },
            "then": {
                "effect": "[parameters('effect')]"
            }
        },
        "policyType": "Custom"
    }
}
