{
  "app_short_name": "shd999",
  "app_type": "platform",
  "connectivity_sub_id": "97b054ff-1d76-4939-964d-358a6ac6e51b",
  "management_sub_id": "d6e5dd63-38ba-4c6b-bee0-a25ecaa65664",
  "shared_sub_id": "dbd23b8a-ab6e-4c3f-9571-d6777ef9301c",
  "monitoring_sub_id": "d232763e-e4f4-4fb1-909b-dd83b4275a5b",
  "private_dns_zone_rg": "alz-npae-shared-private_dns-rg001",
  "environment": "non_production",
  "tags": {
    "applicationid": "app-4904",
    "environmentclass": "nonproduction",
    "environmentuse": "dev",
    "internetfacing": "false",
    "platform": "el23",
    "version": "1.0",
    "dataclassification": "general",
    "dataclassificationsubtype": "none",
    "dataregion": "none",
    "costcentre": "alz",
    "app_contact": "tech@team.com"
  }
}
