{
  "name": "contoso-foundation2",
  "solution": {
    "source_type": "azure_repo",
    "source": "EL23-Config/platform",
    "serviceconnection": "",
    "tooling": "terraform",
    "path_to_execute": "root/platform/shared/subscriptions",
    "version": "refs/heads/main"
  },
  "triggers": {
    "branches": ["main", "feature/*"],
    "includePath": ["*"],
    "excludePath": []
  },
  "pull_request_approvers": {
    "required": ["landingzone_contributors"]
  },
  "dependsOn": []
}
