{
  "stages": [
    {
      "name": "dev",
      "deployment_target": {
        "name": "ME-MngEnv786147-anlamber/deployment2_dev_rg",
        "type": "resourceGroup"
      },
      "tf_backend": {
        "subscription_id": "b1b7f436-bbc7-43bd-98d9-28fb3b1c8525",
        "resource_group_name": "deployment_state",
        "storage_account_name": "dcfstatestoraccount",
        "container_name": "tfstate"
      },
      "location": null,
      "buildagent": "ubuntu-latest",
      "identity_plan": "devops_control_ado",
      "identity_deploy": "devops_control_ado",
      "dependsOn": ["contoso-foundation"],
      "deployment_approvers": ["landingzone_contributors"],
      "group": "default",
      "allow_plan_from_feature_branch": true,
      "allow_deploy_from_feature_branch": false
    },
    {
      "name": "test",
      "deployment_target": {
        "name": "ME-MngEnv786147-anlamber/deployment2_test_rg",
        "type": "resourceGroup"
      },
      "tf_backend": {
        "subscription_id": "b1b7f436-bbc7-43bd-98d9-28fb3b1c8525",
        "resource_group_name": "deployment_state",
        "storage_account_name": "dcfstatestoraccount",
        "container_name": "tfstate"
      },
      "location": null,
      "buildagent": "ubuntu-latest",
      "identity_plan": "devops_control_ado",
      "identity_deploy": "devops_control_ado",
      "dependsOn": ["contoso-foundation"],
      "deployment_approvers": ["landingzone_contributors"],
      "group": "default",
      "allow_plan_from_feature_branch": true,
      "allow_deploy_from_feature_branch": false
    }
  ]
}
